indeks_katalogowy,ilosc_wiko,nazwa_produktu,cena_FV_brutto,cena_detal,ostatnia_aktualizacja
1107RAM/3XL,333,1107RAM/3XL RAMKA PAMIĄTKA ŚLUBU 10x15    CM,49.20,127.92,2026-10-07 06:54:42
1107RAM/4L,215,1107RAM/4L RAMKA PAMIĄTKA ŚLUBU 13x18 CM,61.50,147.60,2026-10-07 06:54:42
1107RAM/5L,174,1107RAM/5L RAMKA PAMIĄTKA ŚLUBU 18x24 CM,110.70,243.54,2026-10-07 06:54:42
1123N/3XL,33,1123N/3XL RAMKA 10x15 CM,49.20,127.92,2026-10-07 06:54:42
1148N,0,1148N RAMKA PAMIĄTKA CHRZTU ŚW. 6x9 CM,101.66,223.65,2026-10-07 06:54:42
1165N/3BA,21,1165N/3BA RAMKA PAMIĄTKA I KOMUNII ŚW.  9x13 CM,109.84,241.65,2026-10-07 06:54:42
1165N/3BO,29,1165N/3BO RAMKA PAMIĄTKA I KOMUNII ŚW.  9x13 CM,109.84,241.65,2026-10-07 06:54:42
1165N/4BA,13,1165N/4BA RAMKA PAMIĄTKA I KOMUNII ŚW.  13x18 CM,170.60,341.20,2026-10-07 06:54:42
1165N/4BO,8,1165N/4BO RAMKA PAMIĄTKA I KOMUNII ŚW.  13x18 CM,170.60,341.20,2026-10-07 06:54:42
1168N/3B,16,1168N/3B RAMKA PAMIĄTKA CHRZTU ŚW. 13x9  CM,116.85,257.07,2026-10-07 06:54:42
18031/3L,31,"18031/3L OBRAZEK ARCHANIOŁ MICHAŁ 6,5x11  CM",46.74,121.52,2026-10-07 06:54:42
18031/3COL,30,"18031/3LCOL OBRAZEK ARCHANIOŁ MICHAŁ      6,5x11 CM",54.12,129.89,2026-10-07 06:54:42
18031/3XL,23,18031/3XL OBRAZEK ARCHANIOŁ MICHAŁ 9x15  CM,67.65,162.36,2026-10-07 06:54:42
18031/3XLCOL,22,18031/3XLCOL OBRAZEK ARCHANIOŁ MICHAŁ  9x15 CM,76.88,184.51,2026-10-07 06:54:42
18033/4XL COL,1,18033/4XL COL OBRAZEK ŚW. JERZY 12x20 CM,119.93,263.85,2026-10-07 06:54:42
3647 B,0,"3647 B SKARBONKA DZIECIĘCA 19x7xh11,5 CM",181.12,362.24,2026-10-07 06:54:42
3647 C,0,"3647 C SKARBONKA DZIECIĘCA 19x7xh11,5 CM",181.12,362.24,2026-10-07 06:54:42
3647 R,1,"3647 R SKARBONKA DZIECIĘCA 19x7xh11,5 CM",181.12,362.24,2026-10-07 06:54:42
3857 C,0,"3857 C SKARBONKA DZIECIĘCA 8x8xh11,5 CM",155.41,310.82,2026-10-07 06:54:42
3857 RA,0,"3857 RA SKARBONKA DZIECIĘCA 8x8xh11,5 CM",155.41,310.82,2026-10-07 06:54:42
473-3071,0,473-3071 Szkatułka serce,59.04,141.70,2026-10-07 06:54:42
473-3135,20,473-3135 Skarbonka but niebieska,73.80,177.12,2026-10-07 06:54:42
473-3136,24,473-3136 Skarbonka but różowa,73.80,177.12,2026-10-07 06:54:42
473-3137,33,473-3137 Skarbonka miś niebieska,73.80,177.12,2026-10-07 06:54:42
473-3138,11,473-3138 Skarbonka miś różowa,73.80,177.12,2026-10-07 06:54:42
473-3141,32,473-3141 Skarbonka wózek niebieska,73.80,177.12,2026-10-07 06:54:42
473-3142,0,473-3142 Skarbonka wózek różowa,73.80,177.12,2026-10-07 06:54:42
473-3180,32,473-3180 Drzewko z zawieszkami na         zdjęcia,121.77,267.89,2026-10-07 06:54:42
473-3181,51,473-3181 Karuzela z pozytywką i ramkami   niebieska,183.27,366.54,2026-10-07 06:54:42
473-3182,37,473-3182 Karuzela z pozytywką i ramkami   różowa,183.27,366.54,2026-10-07 06:54:42
473-3229,47,473-3229 Puzderka z misiem kpl-2szt.,47.97,124.72,2026-10-07 06:54:42
473-3246,30,473-3246 Szkatułka,97.17,233.21,2026-10-07 06:54:42
473-3272,39,473-3272 Pudełko z pozytywką niebieskie,180.81,361.62,2026-10-07 06:54:42
473-3273,29,473-3273 Pudełko z pozytywką różowe,180.81,361.62,2026-10-07 06:54:42
473-3283,26,473-3283 Pudełko z pozytywką białe,180.81,361.62,2026-10-07 06:54:42
473-3285,21,473-3285 Skarbonka but biała,76.26,183.02,2026-10-07 06:54:42
473-3301,73,473-3301 Ramka miś niebieska,79.95,191.88,2026-10-07 06:54:42
473-3302,66,473-3302 Ramka miś różowa,79.95,191.88,2026-10-07 06:54:42
473-3303,48,473-3303 Ramka miś biała,67.65,162.36,2026-10-07 06:54:42
473-3322,34,473-3322 Ramka bocian niebieska,72.57,174.17,2026-10-07 06:54:42
473-3323,23,473-3323 Ramka bocian różowa,72.57,174.17,2026-10-07 06:54:42
473-3382,52,473-3382 Puzderka buciki różowe           kpl-2szt.,60.27,144.65,2026-10-07 06:54:42
473-3383,55,473-3383 Puzderka buciki niebieskie       kpl-2szt.,67.65,162.36,2026-10-07 06:54:42
473-3384,25,473-3384 Puzderka buciki białe kpl-2szt.,84.87,203.69,2026-10-07 06:54:42
473-3386,20,473-3386 Puzderka koniki kpl-2szt.,60.27,144.65,2026-10-07 06:54:42
473-3401,0,473-3401 Karuzela z pozytywką różowa,105.78,232.72,2026-10-07 06:54:42
473-3402,0,473-3402 Karuzela z pozytywką niebieska,105.78,232.72,2026-10-07 06:54:42
473-3433,36,473-3433 Szkatułka książka,76.26,183.02,2026-10-07 06:54:42
6104/20,28,6104/20 OBRAZ W RAMIE ŚW. RODZINA 28x46  CM,512.97,923.35,2026-10-07 06:54:42
6104/55,17,6104/55 OBRAZ W RAMIE ŚW. RODZINA 35x44   CM,512.97,923.35,2026-10-07 06:54:42
6108/26,4,"6108/26 OBRAZ W RAMIE OSTATNIA WIECZERZA  65,5x51,5 CM",830.80,1495.44,2026-10-07 06:54:42
6108/3,6,"6108/3 OBRAZ W RAMIE ŚW. RODZINA  51,5x65,5 CM",830.80,1495.44,2026-10-07 06:54:42
6108/36,4,"6108/36 OBRAZ W RAMIE ŚW. RODZINA  51,5x65,5 CM",830.80,1495.44,2026-10-07 06:54:42
6108/37,14,"6108/37 OBRAZ W RAMIE ŚW. RODZINA  51,5x65,5 CM",830.80,1495.44,2026-10-07 06:54:42
6108/37S,0,"6108/37S OBRAZ W RAMIE ŚW. RODZINA  51,5x65,5 CM",830.80,1495.44,2026-10-07 06:54:42
6108/44,6,6108/44 OBRAZ W RAMIE ŚW. RODZINA 50x64   CM,830.80,1495.44,2026-10-07 06:54:42
6108/45,0,"6108/45 OBRAZ W RAMIE ŚW. RODZINA  50x63,7 CM",754.85,1358.73,2026-10-07 06:54:42
6287/2X,23,6287/2X OBRAZEK JAN PAWEŁ II 9x13 CM,155.41,310.82,2026-10-07 06:54:42
6287/3,0,6287/3 OBRAZEK JAN PAWEŁ II 13x18 CM,236.04,472.08,2026-10-07 06:54:42
6323/2,69,6323/2 OBRAZEK MATKA BOŻA CZĘSTOCHOWSKA   6x9 CM,73.62,176.69,2026-10-07 06:54:42
6323/2ORO,35,6323/2ORO OBRAZEK MATKA BOŻA              CZĘSTOCHOWSKA 6x9 CM,75.95,182.28,2026-10-07 06:54:42
6323/2X,36,6323/2X OBRAZEK MATKA BOŻA CZĘSTOCHOWSKA  9x13 CM,114.51,251.92,2026-10-07 06:54:42
6323/2XORO,40,6323/2XORO OBRAZEK MATKA BOŻA             CZĘSTOCHOWSKA 9x13 CM,135.55,298.21,2026-10-07 06:54:42
6323/3,24,6323/3 OBRAZEK MATKA BOŻA CZĘSTOCHOWSKA  13x18 CM,186.96,373.92,2026-10-07 06:54:42
6323/3ORO,29,6323/3ORO OBRAZEK MATKA BOŻA              CZĘSTOCHOWSKA 13x18 CM,217.34,434.68,2026-10-07 06:54:42
6342/1A,246,6342/1A OBRAZEK PAMIĄTKA I KOMUNII ŚW.    7x9 CM,71.28,171.07,2026-10-07 06:54:42
6342/1AW,2,"6342/1AW OBRAZEK PAMIĄTKA I KOMUNII ŚW.  8,5x11 CM",39.36,102.34,2026-10-07 06:54:42
6342/1O,242,6342/1O OBRAZEK PAMIĄTKA I KOMUNII ŚW.    7x9 CM,71.28,171.07,2026-10-07 06:54:42
6342/1OW,51,"6342/1OW OBRAZEK PAMIĄTKA I KOMUNII ŚW.  8,5x11 CM",39.36,102.34,2026-10-07 06:54:42
6342/2A,19,6342/2A OBRAZEK PAMIĄTKA I KOMUNII ŚW.    10x13 CM,101.66,223.65,2026-10-07 06:54:42
6342/2O,22,6342/2O OBRAZEK PAMIĄTKA I KOMUNII ŚW.    10x13 CM,101.66,223.65,2026-10-07 06:54:42
6346/2,26,6346/2 OBRAZEK MATKA BOŻA OSTROBRAMSKA    6x9 CM,73.62,176.69,2026-10-07 06:54:42
6346/2X,43,6346/2X OBRAZEK MATKA BOŻA OSTROBRAMSKA  9x13 CM,120.36,264.79,2026-10-07 06:54:42
6346/3,32,6346/3 OBRAZEK MATKA BOŻA OSTROBRAMSKA  13x18 CM,212.67,425.34,2026-10-07 06:54:42
6350/2X,18,6350/2X OBRAZEK MATKA BOŻA NIEUSTAJĄCEJ  POMOCY 9x13 CM,120.36,264.79,2026-10-07 06:54:42
6350/3,20,6350/3 OBRAZEK MATKA BOŻA NIEUSTAJĄCEJ  POMOCY 13x18 CM,212.67,425.34,2026-10-07 06:54:42
6353/1,14,6353/1 OBRAZEK ANIOŁEK 7x9 CM,71.28,171.07,2026-10-07 06:54:42
6353/1W,9,"6353/1W OBRAZEK ANIOŁEK 8,5x11 CM",74.78,179.47,2026-10-07 06:54:42
6353/2,33,6353/2 OBRAZEK ANIOŁEK 10x13 CM,101.66,223.65,2026-10-07 06:54:42
6353/2W,3,"6353/2W OBRAZEK ANIOŁEK 11,5x15 CM",109.84,241.65,2026-10-07 06:54:42
6365/2X,72,6365/2X OBRAZEK ŚW. RODZINA 12x12 CM,130.87,287.91,2026-10-07 06:54:42
6367/3,1,6367/3 OBRAZEK ŚWIETY JAN PAWEŁ II 13x18  CM,223.86,447.72,2026-10-07 06:54:42
6379/2X,27,6379/2X OBRAZEK MATKA BOŻA 10x13 CM,101.66,223.65,2026-10-07 06:54:42
6379/3X,17,6379/3X OBRAZEK MATKA BOŻA 13x18 CM,183.45,366.90,2026-10-07 06:54:42
6380/2,461,6380/2 OBRAZEK ŚW. RODZINA 6x12 CM,86.47,207.53,2026-10-07 06:54:42
6380/2TP,42,6380/2TP OBRAZEK ŚW. RODZINA 9x15 CM,93.48,224.35,2026-10-07 06:54:42
6380/2W,32,6380/2W OBRAZEK ŚW. RODZINA 8x14 CM,92.31,221.54,2026-10-07 06:54:42
6380/2WM,60,6380/2WM OBRAZEK ŚW. RODZINA 8x14 CM,92.31,221.54,2026-10-07 06:54:42
6380/2X,107,6380/2X OBRAZEK ŚW. RODZINA 9x18 CM,142.56,313.63,2026-10-07 06:54:42
6380/2XFB,22,6380/2XFB OBRAZEK ŚW. RODZINA 16x25 CM,165.93,331.86,2026-10-07 06:54:42
6380/2XTP,44,6380/2XTP OBRAZEK ŚW. RODZINA 13x22 CM,158.92,317.84,2026-10-07 06:54:42
6380/2XW,31,6380/2XW OBRAZEK ŚW. RODZINA 11x20 CM,155.41,310.82,2026-10-07 06:54:42
6380/2XWM,14,6380/2XWM OBRAZEK ŚW. RODZINA 11x20 CM,155.41,310.82,2026-10-07 06:54:42
6380/3,86,6380/3 OBRAZEK ŚW. RODZINA 12x24 CM,220.85,441.70,2026-10-07 06:54:42
6380/3FB,0,6380/3FB OBRAZEK ŚW. RODZINA 21x33 CM,261.74,471.13,2026-10-07 06:54:42
6380/3TP,0,6380/3TP OBRAZEK ŚW. RODZINA 16x28 CM,246.55,493.10,2026-10-07 06:54:42
6380/3W,0,6380/3W OBRAZEK ŚW. RODZINA 15x27 CM,244.22,488.44,2026-10-07 06:54:42
6380/3WM,26,6380/3WM OBRAZEK ŚW. RODZINA 15x27 CM,244.22,488.44,2026-10-07 06:54:42
6380/5,19,6380/5 OBRAZ ŚW. RODZINA 18x36 CM,445.20,801.36,2026-10-07 06:54:42
6380/5FB,0,6380/5FB OBRAZ ŚW. RODZINA 29x47 CM,525.83,946.49,2026-10-07 06:54:42
6380/5TP,0,6380/5TP OBRAZ ŚW. RODZINA 24x42 CM,502.46,904.43,2026-10-07 06:54:42
6380/7,17,6380/7 OBRAZ ŚW. RODZINA 24x47 CM,749.01,1348.22,2026-10-07 06:54:42
6380F/2X,1,6380F/2X PANEL ŚW. RODZINA 21x23 CM,169.43,338.86,2026-10-07 06:54:42
6380F/3,10,"6380F/3 PANEL ŚW. RODZINA 28x30,5 CM",269.92,485.86,2026-10-07 06:54:42
6380F/5,7,6380F/5 PANEL ŚW. RODZINA 38x46 CM,543.35,978.03,2026-10-07 06:54:42
6380M/2XA,77,6380M/2XA PANEL ŚW. RODZINA 16x24 CM,164.76,329.52,2026-10-07 06:54:42
6380M/3A,1,6380M/3A PANEL ŚW. RODZINA 21x31 CM,258.24,464.83,2026-10-07 06:54:42
6380M/5A,7,6380M/5A PANEL ŚW. RODZINA 31x46 CM,526.99,948.58,2026-10-07 06:54:42
6380P/2XA,29,6380P/2XA PANEL ŚW. RODZINA 16x24 CM,164.76,329.52,2026-10-07 06:54:42
6380P/3A,0,6380P/3A PANEL ŚW. RODZINA 21x31 CM,258.24,464.83,2026-10-07 06:54:42
6380P/5A,3,6380P/5A PANEL ŚW. RODZINA 31x46 CM,526.99,948.58,2026-10-07 06:54:42
6380SFW/2X,4,6380SFW/2X PANEL ŚW. RODZINA 21x23 CM,169.43,338.86,2026-10-07 06:54:42
6380SFW/3,9,"6380SFW/3 PANEL ŚW. RODZINA 28x30,5 CM",269.92,485.86,2026-10-07 06:54:42
6380SFW/5,7,6380SFW/5 PANEL ŚW. RODZINA 38x46 CM,543.35,978.03,2026-10-07 06:54:42
6380SFWP/2X,23,6380SFWP/2X PANEL ŚW. RODZINA 21x23 CM,169.43,338.86,2026-10-07 06:54:42
6380SFWP/3,9,"6380SFWP/3 PANEL ŚW. RODZINA 28x30,5 CM",269.92,485.86,2026-10-07 06:54:42
6380SFWP/5,0,6380SFWP/5 PANEL ŚW. RODZINA 38x46 CM,543.35,978.03,2026-10-07 06:54:42
6380SW/2X,34,6380SW/2X OBRAZEK ŚW. RODZINA 9x18 CM,142.56,313.63,2026-10-07 06:54:42
6380SW/2XFB,46,6380SW/2XFB PANEL ŚW. RODZINA 16x25 CM,165.93,331.86,2026-10-07 06:54:42
6380SW/2XTP,0,6380SW/2XTP OBRAZEK ŚW. RODZINA 13x22 CM,158.92,317.84,2026-10-07 06:54:42
6380SW/3,73,6380SW/3 OBRAZEK ŚW. RODZINA 12x24 CM,220.85,441.70,2026-10-07 06:54:42
6380SW/3FB,20,6380SW/3FB PANEL ŚW. RODZINA 21x33 CM,261.74,471.13,2026-10-07 06:54:42
6380SW/3TP,14,6380SW/3TP OBRAZEK ŚW. RODZINA 16x28 CM,246.55,493.10,2026-10-07 06:54:42
6380SW/5,51,6380SW/5 OBRAZ ŚW. RODZINA 18x36 CM,445.20,801.36,2026-10-07 06:54:42
6380SW/5TP,18,6380SW/5TP OBRAZ ŚW. RODZINA 24x42 CM,502.46,904.43,2026-10-07 06:54:42
6380SW/7,10,6380SW/7 OBRAZ ŚW. RODZINA 24x47 CM,749.01,1348.22,2026-10-07 06:54:42
6380SWM/2XA,40,6380SWM/2XA PANEL ŚW. RODZINA 16x24 CM,164.76,329.52,2026-10-07 06:54:42
6380SWM/3A,13,6380SWM/3A PANEL ŚW. RODZINA 21x31 CM,258.24,464.83,2026-10-07 06:54:42
6380SWM/5A,5,6380SWM/5A PANEL ŚW. RODZINA 31x46 CM,526.99,948.58,2026-10-07 06:54:42
6380SWP/2XA,23,6380SWP/2XA PANEL ŚW. RODZINA 16x24 CM,164.76,329.52,2026-10-07 06:54:42
6380SWP/3A,11,6380SWP/3A PANEL ŚW. RODZINA 21x31 CM,258.24,464.83,2026-10-07 06:54:42
6380SWP/5A,1,6380SWP/5A PANEL ŚW. RODZINA 31x46 CM,526.99,948.58,2026-10-07 06:54:42
6381/2,51,6381/2 OBRAZEK MATKA BOŻA 6x12 CM,86.47,207.53,2026-10-07 06:54:42
6381/2COL,76,6381/2COL OBRAZEK MATKA BOŻA 6x12 CM,92.31,221.54,2026-10-07 06:54:42
6381/2TP,0,6381/2TP OBRAZEK MATKA BOŻA 9x15 CM,93.48,224.35,2026-10-07 06:54:42
6381/2X,55,6381/2X OBRAZEK MATKA BOŻA 9x18 CM,142.56,313.63,2026-10-07 06:54:42
6381/2XCOL,0,6381/2XCOL OBRAZEK MATKA BOŻA 9x18 CM,153.07,306.14,2026-10-07 06:54:42
6381/2XTP,16,6381/2XTP OBRAZEK MATKA BOŻA 13x22 CM,158.92,317.84,2026-10-07 06:54:42
6381/3,36,6381/3 OBRAZEK MATKA BOŻA 12x24 CM,220.85,441.70,2026-10-07 06:54:42
6381/3COL,18,6381/3COL OBRAZEK MATKA BOŻA 12x24 CM,236.04,472.08,2026-10-07 06:54:42
6381/5,10,6381/5 OBRAZ MATKA BOŻA 18x36 CM,445.20,801.36,2026-10-07 06:54:42
6381F/2X,0,6381F/2X PANEL MATKA BOŻA 21x23 CM,169.43,338.86,2026-10-07 06:54:42
6381M/2XA,80,6381M/2XA PANEL MATKA BOŻA 16x24 CM,164.76,329.52,2026-10-07 06:54:42
6381P/2XA,31,6381P/2XA PANEL MATKA BOŻA 16x24 CM,164.76,329.52,2026-10-07 06:54:42
6381SK/2,21,6381SK/2 PANEL MATKA BOŻA I KOMUNIA       ŚWIĘTA 10x16 CM,107.50,236.50,2026-10-07 06:54:42
6381SW/2,39,6381SW/2 PANEL MATKA BOŻA BIERZMOWANIE    10x16 CM,107.50,236.50,2026-10-07 06:54:42
6404/2,19,6404/2 OBRAZEK ŚW. RODZINA 7x9 CM,79.46,190.70,2026-10-07 06:54:42
6404/3,0,6404/3 OBRAZEK ŚW. RODZINA 13x18 CM,186.96,373.92,2026-10-07 06:54:42
6404/5,11,6404/5 OBRAZ ŚW. RODZINA 26x35 CM,600.61,1081.10,2026-10-07 06:54:42
6410/1,5,"6410/1 KRZYŻ h11,5 CM",64.27,154.25,2026-10-07 06:54:42
6412/2,35,6412/2 OBRAZEK MATKA BOŻA KARMIĄCA 6x12   CM,86.47,207.53,2026-10-07 06:54:42
6412/3,13,6412/3 OBRAZEK MATKA BOŻA KARMIĄCA 12x24  CM,220.85,441.70,2026-10-07 06:54:42
6412/5,7,6412/5 OBRAZ MATKA BOŻA KARMIĄCA 18x36  CM,445.20,801.36,2026-10-07 06:54:42
6429/2,17,6429/2 OBRAZEK MATKA BOŻA KARMIĄCA 8x8  CM,80.63,193.51,2026-10-07 06:54:42
6429/2X,21,6429/2X OBRAZEK MATKA BOŻA KARMIĄCA  12x12 CM,130.87,287.91,2026-10-07 06:54:42
6429/3,27,6429/3 OBRAZEK MATKA BOŻA KARMIĄCA 16x16  CM,200.98,401.96,2026-10-07 06:54:42
6430/2,22,6430/2 OBRAZEK ANIOŁEK 8x8 CM,80.63,193.51,2026-10-07 06:54:42
6430/2W,182,6430/2W OBRAZEK ANIOŁEK 10x10 CM,86.47,207.53,2026-10-07 06:54:42
6430/2WM,21,6430/2WM OBRAZEK ANIOŁEK 10x10 CM,86.47,207.53,2026-10-07 06:54:42
6430/2X,60,6430/2X OBRAZEK ANIOŁEK 12x12 CM,130.87,287.91,2026-10-07 06:54:42
6430/2XW,65,6430/2XW OBRAZEK ANIOŁEK 14x14 CM,142.56,313.63,2026-10-07 06:54:42
6430/2XWM,8,6430/2XWM OBRAZEK ANIOŁEK 14x14 CM,142.56,313.63,2026-10-07 06:54:42
6430/3,26,6430/3 OBRAZEK ANIOŁEK 16x16 CM,200.98,401.96,2026-10-07 06:54:42
6430/3W,27,6430/3W OBRAZEK ANIOŁEK 19x19 CM,222.02,444.04,2026-10-07 06:54:42
6432/1,14,6432/1 OBRAZEK ŚW. RODZINA 8x7 CM,68.94,165.46,2026-10-07 06:54:42
6432/2,106,"6432/2 OBRAZEK ŚW. RODZINA 11x9,5 CM",93.48,224.35,2026-10-07 06:54:42
6432/3,65,"6432/3 OBRAZEK ŚW. RODZINA 15,5x14 CM",146.06,321.33,2026-10-07 06:54:42
6432/5,0,6432/5 OBRAZ ŚW. RODZINA 20x18 CM,216.17,432.34,2026-10-07 06:54:42
6432/6,0,6432/6 OBRAZ ŚW. RODZINA 28x25 CM,384.44,691.99,2026-10-07 06:54:42
6432/7,0,6432/7 OBRAZ ŚW. RODZINA 36x33 CM,611.13,1100.03,2026-10-07 06:54:42
6432SW/2,37,"6432SW/2 OBRAZEK ŚW. RODZINA 11x9,5 CM",93.48,224.35,2026-10-07 06:54:42
6432SW/3,0,"6432SW/3 OBRAZEK ŚW. RODZINA 15,5x14 CM",146.06,321.33,2026-10-07 06:54:42
6432SW/5,3,6432SW/5 OBRAZ ŚW. RODZINA 20x18 CM,216.17,432.34,2026-10-07 06:54:42
6432SW/6,10,6432SW/6 OBRAZ ŚW. RODZINA 28x25 CM,384.44,691.99,2026-10-07 06:54:42
6432SW/7,2,6432SW/7 OBRAZ ŚW. RODZINA 36x33 CM,611.13,1100.03,2026-10-07 06:54:42
6432W/1,14,"6432W/1 PANEL ŚW. RODZINA 11x10,5 CM",74.78,179.47,2026-10-07 06:54:42
6432W/2,31,6432W/2 PANEL ŚW. RODZINA 16x15 CM,104.00,228.80,2026-10-07 06:54:42
6432W/3,41,"6432W/3 PANEL ŚW. RODZINA 21x19,5 CM",164.76,329.52,2026-10-07 06:54:42
6432W/5,0,"6432W/5 PANEL ŚW. RODZINA 27,5x25,5 CM",247.72,495.44,2026-10-07 06:54:42
6433/2,37,"6433/2 OBRAZEK MATKA BOŻA 11x9,5 CM",93.48,224.35,2026-10-07 06:54:42
6433/3,41,"6433/3 OBRAZEK MATKA BOŻA 15,5x14 CM",146.06,321.33,2026-10-07 06:54:42
6433/5,17,6433/5 OBRAZ MATKA BOŻA 20x18 CM,216.17,432.34,2026-10-07 06:54:42
6442/2,25,6442/2 OBRAZEK ANIOŁEK 6x9 CM,73.62,176.69,2026-10-07 06:54:42
6442/2X,0,6442/2X OBRAZEK ANIOŁEK 9x13 CM,114.51,251.92,2026-10-07 06:54:42
6442/3,16,6442/3 OBRAZEK ANIOŁEK 13x18 CM,219.68,439.36,2026-10-07 06:54:42
6443/0,0,"6443/0 OBRAZEK JEZU UFAM TOBIE 4,5x9 CM",64.27,154.25,2026-10-07 06:54:42
6443/2,66,6443/2 OBRAZEK JEZU UFAM TOBIE 6x12 CM,86.47,207.53,2026-10-07 06:54:42
6443/2COL,26,6443/2COL OBRAZEK JEZU UFAM TOBIE 6x12    CM,92.31,221.54,2026-10-07 06:54:42
6443/2ORO,28,6443/2ORO OBRAZEK JEZU UFAM TOBIE 6x12    CM,88.81,213.14,2026-10-07 06:54:42
6443/2WM,57,6443/2WM OBRAZEK JEZU UFAM TOBIE 8x14 CM,92.31,221.54,2026-10-07 06:54:42
6443/2X,111,6443/2X OBRAZEK JEZU UFAM TOBIE 9x18 CM,142.56,313.63,2026-10-07 06:54:42
6443/2XCOL,36,6443/2XCOL OBRAZEK JEZU UFAM TOBIE 9x18  CM,153.07,306.14,2026-10-07 06:54:42
6443/2XORO,35,6443/2XORO OBRAZEK JEZU UFAM TOBIE 9x18   CM,147.23,323.91,2026-10-07 06:54:42
6443/2XWM,1,6443/2XWM OBRAZEK JEZU UFAM TOBIE 11x20   CM,155.41,310.82,2026-10-07 06:54:42
6443/3,61,6443/3 OBRAZEK JEZU UFAM TOBIE 12x24 CM,220.85,441.70,2026-10-07 06:54:42
6443/3COL,3,6443/3COL OBRAZEK JEZU UFAM TOBIE 12x24  CM,236.04,472.08,2026-10-07 06:54:42
6443/3ORO,25,6443/3ORO OBRAZEK JEZU UFAM TOBIE 12x24   CM,229.03,458.06,2026-10-07 06:54:42
6443/3WM,3,6443/3WM OBRAZEK JEZU UFAM TOBIE 15x27  CM,244.22,488.44,2026-10-07 06:54:42
6443/5,17,6443/5 OBRAZ JEZU UFAM TOBIE 18x36 CM,445.20,801.36,2026-10-07 06:54:42
6443/5COL,15,6443/5COL OBRAZ JEZU UFAM TOBIE 18x36 CM,475.58,856.04,2026-10-07 06:54:42
6443/5ORO,10,6443/5ORO OBRAZ JEZU UFAM TOBIE 18x36 CM,460.39,828.70,2026-10-07 06:54:42
6443F/2X,1,6443F/2X PANEL JEZU UFAM TOBIE 21x23 CM,169.43,338.86,2026-10-07 06:54:42
6443FP/2X,2,6443FP/2X PANEL JEZU UFAM TOBIE 21x23 CM,169.43,338.86,2026-10-07 06:54:42
6443SK/2,50,6443SK/2 PANEL JEZU UFAM TOBIE I KOMUNIA  ŚWIĘTA 10x16 CM,107.50,236.50,2026-10-07 06:54:42
6443SW/2,19,6443SW/2 PANEL JEZU UFAM TOBIE            BIERZMOWANIE 10x16 CM,107.50,236.50,2026-10-07 06:54:42
6443W/2X,27,6443W/2X PANEL JEZU UFAM TOBIE 16x25 CM,165.93,331.86,2026-10-07 06:54:42
6443W/3,13,6443W/3 PANEL JEZU UFAM TOBIE 21x33 CM,260.58,469.04,2026-10-07 06:54:42
6444/2,18,6444/2 OBRAZEK ANIOŁKI 8x8 CM,80.63,193.51,2026-10-07 06:54:42
6444/2X,17,6444/2X OBRAZEK ANIOŁKI 12x12 CM,130.87,287.91,2026-10-07 06:54:42
6444/2XW,0,6444/2XW OBRAZEK ANIOŁKI 14x14 CM,142.56,313.63,2026-10-07 06:54:42
6444/3,0,6444/3 OBRAZEK ANIOŁKI 16x16 CM,200.98,401.96,2026-10-07 06:54:42
6446/2X,18,6446/2X OBRAZEK ANIOŁ STRÓŻ 9x13 CM,120.36,264.79,2026-10-07 06:54:42
6446/3,0,6446/3 OBRAZEK ANIOŁ STRÓŻ 13x18 CM,219.68,439.36,2026-10-07 06:54:42
6448/1,430,6448/1 OBRAZEK ANIOŁEK 8x7 CM,68.94,165.46,2026-10-07 06:54:42
6448/1W,22,6448/1W OBRAZEK ANIOŁEK 10x9 CM,73.62,176.69,2026-10-07 06:54:42
6448/1WC,15,6448/1WC OBRAZEK ANIOŁEK 10x9 CM,73.62,176.69,2026-10-07 06:54:42
6448/1WR,5,6448/1WR OBRAZEK ANIOŁEK 10x9 CM,73.62,176.69,2026-10-07 06:54:42
6448/2,44,"6448/2 OBRAZEK ANIOŁEK 11x9,5 CM",93.48,224.35,2026-10-07 06:54:42
6448/3,27,"6448/3 OBRAZEK ANIOŁEK 15,5x14 CM",146.06,321.33,2026-10-07 06:54:42
6449/1,274,6449/1 OBRAZEK ANIOŁEK 8x7 CM,68.94,165.46,2026-10-07 06:54:42
6449/1PG,0,6449/1PG OBRAZEK ANIOŁEK 10x9 CM,73.62,176.69,2026-10-07 06:54:42
6449/1W,845,6449/1W OBRAZEK ANIOŁEK 10x9 CM,73.62,176.69,2026-10-07 06:54:42
6449/1WC,15,6449/1WC OBRAZEK ANIOŁEK 10x9 CM,73.62,176.69,2026-10-07 06:54:42
6449/1WR,11,6449/1WR OBRAZEK ANIOŁEK 10x9 CM,73.62,176.69,2026-10-07 06:54:42
6449/2,89,"6449/2 OBRAZEK ANIOŁEK 11x9,5 CM",93.48,224.35,2026-10-07 06:54:42
6449/2PG,0,"6449/2PG OBRAZEK ANIOŁEK 14x12,5 CM",101.66,223.65,2026-10-07 06:54:42
6449/2W,41,6449/2W OBRAZEK ANIOŁEK 14x12 CM,100.49,221.08,2026-10-07 06:54:42
6449/2WC,30,6449/2WC OBRAZEK ANIOŁEK 14x12 CM,100.49,221.08,2026-10-07 06:54:42
6449/2WR,31,6449/2WR OBRAZEK ANIOŁEK 14x12 CM,100.49,221.08,2026-10-07 06:54:42
6449/3,21,"6449/3 OBRAZEK ANIOŁEK 15,5x14 CM",146.06,321.33,2026-10-07 06:54:42
6449/3W,0,6449/3W OBRAZEK ANIOŁEK 19x18 CM,161.25,322.50,2026-10-07 06:54:42
6449/3WC,10,6449/3WC OBRAZEK ANIOŁEK 19x18 CM,161.25,322.50,2026-10-07 06:54:42
6449/3WR,3,6449/3WR OBRAZEK ANIOŁEK 19x18 CM,161.25,322.50,2026-10-07 06:54:42
6449/5,11,6449/5 OBRAZ ANIOŁEK 20x18 CM,216.17,432.34,2026-10-07 06:54:42
6450/1,7,6450/1 OBRAZEK ANIOŁKI 8x7 CM,68.94,165.46,2026-10-07 06:54:42
6450/2,79,"6450/2 OBRAZEK ANIOŁKI 11x9,5 CM",93.48,224.35,2026-10-07 06:54:42
6450/3,14,"6450/3 OBRAZEK ANIOŁKI 15,5x14 CM",146.06,321.33,2026-10-07 06:54:42
6451/1,20,6451/1 OBRAZEK ANIOŁKI 8x7 CM,68.94,165.46,2026-10-07 06:54:42
6451/2,90,"6451/2 OBRAZEK ANIOŁKI 11x9,5 CM",93.48,224.35,2026-10-07 06:54:42
6451/2W,90,6451/2W OBRAZEK ANIOŁKI 14x12 CM,100.49,221.08,2026-10-07 06:54:42
6451/3,32,"6451/3 OBRAZEK ANIOŁKI 15,5x14 CM",146.06,321.33,2026-10-07 06:54:42
6465/2,41,6465/2 OBRAZ OSTATNIA WIECZERZA 24x12 CM,220.85,441.70,2026-10-07 06:54:42
6465/2C,20,6465/2C OBRAZ OSTATNIA WIECZERZA 24x12    CM,236.04,472.08,2026-10-07 06:54:42
6465/2O,33,6465/2O OBRAZ OSTATNIA WIECZERZA 24x12    CM,229.03,458.06,2026-10-07 06:54:42
6465/3,29,6465/3 OBRAZ OSTATNIA WIECZERZA 36x18 CM,445.20,801.36,2026-10-07 06:54:42
6465/3C,20,6465/3C OBRAZ OSTATNIA WIECZERZA 36x18    CM,475.58,856.04,2026-10-07 06:54:42
6465/3O,18,6465/3O OBRAZ OSTATNIA WIECZERZA 36x18    CM,460.39,828.70,2026-10-07 06:54:42
6465/7,21,6465/7 OBRAZ OSTATNIA WIECZERZA 50x25 CM,820.29,1476.52,2026-10-07 06:54:42
6465/7C,17,6465/7C OBRAZ OSTATNIA WIECZERZA 50x25    CM,877.54,1579.57,2026-10-07 06:54:42
6465/7O,10,6465/7O OBRAZ OSTATNIA WIECZERZA 50x25    CM,848.33,1526.99,2026-10-07 06:54:42
6465/8,11,6465/8 OBRAZ OSTATNIA WIECZERZA 65x32 CM,1318.07,2372.53,2026-10-07 06:54:42
6465/8C,8,6465/8C OBRAZ OSTATNIA WIECZERZA 65x32    CM,1410.38,2538.68,2026-10-07 06:54:42
6465/8O,3,6465/8O OBRAZ OSTATNIA WIECZERZA 65x32    CM,1363.64,2454.55,2026-10-07 06:54:42
6466/2,16,"6466/2 OBRAZEK ŚW. RODZINA 7,5x10 CM",86.47,207.53,2026-10-07 06:54:42
6466/2X,49,"6466/2X OBRAZEK ŚW. RODZINA 9,5x13 CM",116.85,257.07,2026-10-07 06:54:42
6466/3,0,"6466/3 OBRAZEK ŚW. RODZINA 13,5x18 CM",188.13,376.26,2026-10-07 06:54:42
6466/5,18,"6466/5 OBRAZ ŚW. RODZINA 18,5x25 CM",324.84,584.71,2026-10-07 06:54:42
6466/7,1,6466/7 OBRAZ ŚW. RODZINA 26x36 CM,626.32,1127.38,2026-10-07 06:54:42
6466SW/3,0,"6466SW/3 OBRAZEK ŚW. RODZINA 13,5x18 CM",188.13,376.26,2026-10-07 06:54:42
6466SW/5,30,"6466SW/5 OBRAZ ŚW. RODZINA 18,5x25 CM",324.84,584.71,2026-10-07 06:54:42
6466SW/7,13,6466SW/7 OBRAZ ŚW. RODZINA 26x36 CM,626.32,1127.38,2026-10-07 06:54:42
6467/2,23,"6467/2 OBRAZEK MATKA BOŻA 7,5x10 CM",86.47,207.53,2026-10-07 06:54:42
6467/2X,12,6467/2X OBRAZEK MATKA BOŻA 10x13 CM,116.85,257.07,2026-10-07 06:54:42
6467/3,7,"6467/3 OBRAZEK MATKA BOŻA 13,5x18 CM",188.13,376.26,2026-10-07 06:54:42
6468S/2,44,6468S/2 OBRAZEK ANIOŁKI 6x12 CM,86.47,207.53,2026-10-07 06:54:42
6468S/2TP,0,6468S/2TP OBRAZEK ANIOŁKI 9x15 CM,93.48,224.35,2026-10-07 06:54:42
6468S/2X,0,6468S/2X OBRAZEK ANIOŁKI 9x18 CM,142.56,313.63,2026-10-07 06:54:42
6468S/2XTP,0,6468S/2XTP OBRAZEK ANIOŁKI 13x22 CM,158.92,317.84,2026-10-07 06:54:42
6468SF/2,28,6468SF/2 PANEL ANIOŁKI 14x15 CM,98.15,235.56,2026-10-07 06:54:42
6468SF/2X,8,6468SF/2X PANEL ANIOŁKI 21x23 CM,169.43,338.86,2026-10-07 06:54:42
6468SP/2A,33,6468SP/2A PANEL ANIOŁKI 10x15 CM,94.65,227.16,2026-10-07 06:54:42
6468SP/2XA,0,6468SP/2XA PANEL ANIOŁKI 16x24 CM,164.76,329.52,2026-10-07 06:54:42
6473/2,16,"6473/2 OBRAZEK ANIOŁEK 7,5x10 CM",86.47,207.53,2026-10-07 06:54:42
6473/2X,35,"6473/2X OBRAZEK ANIOŁEK 9,5x13 CM",116.85,257.07,2026-10-07 06:54:42
6473/3,0,"6473/3 OBRAZEK ANIOŁEK 13,5x18 CM",188.13,376.26,2026-10-07 06:54:42
6473S/2,98,"6473S/2 OBRAZEK ANIOŁEK 7,5x10 CM",86.47,207.53,2026-10-07 06:54:42
6473S/2X,831,"6473S/2X OBRAZEK ANIOŁEK 9,5x13 CM",116.85,257.07,2026-10-07 06:54:42
6473S/3,52,"6473S/3 OBRAZEK ANIOŁEK 13,5x18 CM",188.13,376.26,2026-10-07 06:54:42
6473SW/2X,1,"6473SW/2X OBRAZEK ANIOŁEK 9,5x13 CM",116.85,257.07,2026-10-07 06:54:42
6473SW/3,0,"6473SW/3 OBRAZEK ANIOŁEK 13,5x18 CM",188.13,376.26,2026-10-07 06:54:42
6473SW/5,4,"6473SW/5 OBRAZ ANIOŁEK 18,5x25 CM",324.84,584.71,2026-10-07 06:54:42
6491/2A,4,6491/2A OBRAZEK PAMIĄTKA I KOMUNII ŚW.    6x9 CM,38.75,100.75,2026-10-07 06:54:42
6491/2O,1,6491/2O OBRAZEK PAMIĄTKA I KOMUNII ŚW.    6x9 CM,73.62,176.69,2026-10-07 06:54:42
6491/2XA,69,6491/2XA OBRAZEK PAMIĄTKA I KOMUNII ŚW.  9x13 CM,114.51,251.92,2026-10-07 06:54:42
6491/2XO,87,6491/2XO OBRAZEK PAMIĄTKA I KOMUNII ŚW.  9x13 CM,114.51,251.92,2026-10-07 06:54:42
6493/A,37,6493/A ALBUM PAMIĄTKA I KOMUNII ŚW.  21x15 CM,67.04,160.90,2026-10-07 06:54:42
6517,0,6517 ALBUM Z ANIOŁKIEM 21x15 CM,127.37,280.21,2026-10-07 06:54:42
6517/1A,166,6517/1A OBRAZEK PAMIĄTKA I KOMUNII ŚW.    8x7 CM,68.94,165.46,2026-10-07 06:54:42
6517/1AW,147,6517/1AW OBRAZEK PAMIĄTKA I KOMUNII ŚW.   10x9 CM,73.62,176.69,2026-10-07 06:54:42
6517/1O,300,6517/1O OBRAZEK PAMIĄTKA I KOMUNII ŚW.    8x7 CM,68.94,165.46,2026-10-07 06:54:42
6517/1OW,178,6517/1OW OBRAZEK PAMIĄTKA I KOMUNII ŚW.   10x9 CM,73.62,176.69,2026-10-07 06:54:42
6517/2A,43,"6517/2A OBRAZEK PAMIĄTKA I KOMUNII ŚW.    11x9,5 CM",93.48,224.35,2026-10-07 06:54:42
6517/2AW,171,6517/2AW OBRAZEK PAMIĄTKA I KOMUNII ŚW.   14x12 CM,100.49,221.08,2026-10-07 06:54:42
6517/2O,85,"6517/2O OBRAZEK PAMIĄTKA I KOMUNII ŚW.    11x9,5 CM",93.48,224.35,2026-10-07 06:54:42
6517/2OW,60,6517/2OW OBRAZEK PAMIĄTKA I KOMUNII ŚW.   14x12 CM,100.49,221.08,2026-10-07 06:54:42
6517/3A,43,"6517/3A OBRAZEK PAMIĄTKA I KOMUNII ŚW.    15,5x14 CM",146.06,321.33,2026-10-07 06:54:42
6517/3O,38,"6517/3O OBRAZEK PAMIĄTKA I KOMUNII ŚW.    15,5x14 CM",146.06,321.33,2026-10-07 06:54:42
6518,20,6518 ALBUM Z ANIOŁKAMI 21x15 CM,127.37,280.21,2026-10-07 06:54:42
6522/2X,41,6522/2X OBRAZEK JEZUS FRASOBLIWY 9x13 CM,114.51,251.92,2026-10-07 06:54:42
6522/3,27,6522/3 OBRAZEK JEZUS FRASOBLIWY 13x18 CM,219.68,439.36,2026-10-07 06:54:42
6522W/2,78,6522W/2 PANEL JEZUS PAMIĄTKA 10x16 CM,80.63,193.51,2026-10-07 06:54:42
6522WP/2,52,6522WP/2 PANEL PAMIĄTKA I KOMUNII         ŚWIĘTEJ 9x12 CM,80.63,193.51,2026-10-07 06:54:42
6522WP/2X,1,6522WP/2X PANEL PAMIĄTKA I KOMUNII        ŚWIĘTEJ 13x17 CM,67.04,160.90,2026-10-07 06:54:42
6529/15,4,6529/15 ALBUM Z ANIOŁKIEM 21x15 CM,127.37,280.21,2026-10-07 06:54:42
6529/17,2,6529/17 ALBUM Z ANIOŁKAMI 21x15 CM,127.37,280.21,2026-10-07 06:54:42
6529/3,2,6529/3 ALBUM PAMIĄTKA I KOMUNII ŚW.  21x15 CM,67.04,160.90,2026-10-07 06:54:42
6529/31,16,6529/31 ALBUM ZE ŚW. RODZINĄ 21x15 CM,127.37,280.21,2026-10-07 06:54:42
6529/46,31,6529/46 ALBUM PAMIĄTKA I KOMUNII ŚW.  21x15 CM,127.37,280.21,2026-10-07 06:54:42
6529/47,26,6529/47 ALBUM PAMIĄTKA I KOMUNII ŚW.  21x15 CM,127.37,280.21,2026-10-07 06:54:42
6529/60,19,6529/60 ALBUM PAMIĄTKA I KOMUNII ŚW.  21x15 CM,127.37,280.21,2026-10-07 06:54:42
6529/61,12,6529/61 ALBUM PAMIĄTKA I KOMUNII ŚW.  21x15 CM,127.37,280.21,2026-10-07 06:54:42
6529/8,1,6529/8 ALBUM Z ANIOŁKIEM 21x15 CM,127.37,280.21,2026-10-07 06:54:42
6529/9,12,6529/9 ALBUM Z ANIOŁKIEM 21x15 CM,127.37,280.21,2026-10-07 06:54:42
6537/1,78,6537/1 OBRAZEK PAMIĄTKA BIERZMOWANIA 8x7  CM,68.94,165.46,2026-10-07 06:54:42
6542/1,36,6542/1 OBRAZEK PAMIĄTKA I KOMUNII ŚW.     8x7 CM,68.94,165.46,2026-10-07 06:54:42
6542/1W,3,6542/1W OBRAZEK PAMIĄTKA I KOMUNII ŚW.    10x9 CM,38.75,100.75,2026-10-07 06:54:42
6545/2X,20,6545/2X OBRAZEK ŚW. RODZINA 9x13 CM,114.51,251.92,2026-10-07 06:54:42
6545/3,0,6545/3 OBRAZEK ŚW. RODZINA 13x18 CM,186.96,373.92,2026-10-07 06:54:42
6545/5,11,6545/5 OBRAZ ŚW. RODZINA 18x24 CM,296.80,534.24,2026-10-07 06:54:42
6546/2X,37,6546/2X OBRAZEK MATKA BOŻA 9x13 CM,114.51,251.92,2026-10-07 06:54:42
6546/3,47,6546/3 OBRAZEK MATKA BOŻA 13x18 CM,186.96,373.92,2026-10-07 06:54:42
6568/2A,26,6568/2A OBRAZEK PAMIĄTKA I KOMUNII ŚW.  8x8 CM,80.63,193.51,2026-10-07 06:54:42
6568/2AW,38,6568/2AW OBRAZEK PAMIĄTKA I KOMUNII ŚW.  10x10 CM,86.47,207.53,2026-10-07 06:54:42
6568/2O,20,6568/2O OBRAZEK PAMIĄTKA I KOMUNII ŚW.  8x8 CM,80.63,193.51,2026-10-07 06:54:42
6568/2OW,16,6568/2OW OBRAZEK PAMIĄTKA I KOMUNII ŚW.  10x10 CM,86.47,207.53,2026-10-07 06:54:42
6568/2XA,52,6568/2XA OBRAZEK PAMIĄTKA I KOMUNII ŚW.  12x12 CM,130.87,287.91,2026-10-07 06:54:42
6568/2XO,51,6568/2XO OBRAZEK PAMIĄTKA I KOMUNII ŚW.  12x12 CM,130.87,287.91,2026-10-07 06:54:42
6568/2XOW,4,6568/2XOW OBRAZEK PAMIĄTKA I KOMUNII ŚW.  14x14 CM,75.03,180.07,2026-10-07 06:54:42
6571/1XA,3,6571/1XA OBRAZEK PAMIĄTKA I KOMUNII ŚW.   7x9 CM,37.52,97.55,2026-10-07 06:54:42
6571/1XAW,2,6571/1XAW OBRAZEK PAMIĄTKA I KOMUNII ŚW.  9x11 CM,39.36,102.34,2026-10-07 06:54:42
6571/1XO,3,6571/1XO OBRAZEK PAMIĄTKA I KOMUNII ŚW.   7x9 CM,37.52,97.55,2026-10-07 06:54:42
6571/1XOW,4,6571/1XOW OBRAZEK PAMIĄTKA I KOMUNII ŚW.  9x11 CM,39.36,102.34,2026-10-07 06:54:42
6571/2XA,4,6571/2XA OBRAZEK PAMIĄTKA I KOMUNII ŚW.   10x13 CM,53.51,128.42,2026-10-07 06:54:42
6572/2X,0,6572/2X OBRAZEK ANIOŁEK 9x13 CM,114.51,251.92,2026-10-07 06:54:42
6572/3,0,6572/3 OBRAZEK ANIOŁEK 13x18 CM,203.32,406.64,2026-10-07 06:54:42
6585/3S,2,"6585/3S PANEL ŚW. RODZINA 8x17,5 CM",148.40,326.48,2026-10-07 06:54:42
6585/5S,0,6585/5S PANEL ŚW. RODZINA 17x38 CM,349.38,628.88,2026-10-07 06:54:42
6585/7S,0,"6585/7S PANEL ŚW. RODZINA 23x51,5 CM",642.68,1156.82,2026-10-07 06:54:42
6643/2X,113,6643/2X OBRAZEK MATKA BOŻA CZĘSTOCHOWSKA  9x13 CM,114.51,251.92,2026-10-07 06:54:42
6643/3,60,6643/3 OBRAZEK MATKA BOŻA CZĘSTOCHOWSKA   13x18 CM,186.96,373.92,2026-10-07 06:54:42
6643/5,32,6643/5 OBRAZ MATKA BOŻA CZĘSTOCHOWSKA     18x24 CM,296.80,534.24,2026-10-07 06:54:42
6649/2,61,6649/2 OBRAZEK ŚW. RODZINA 7x11 CM,88.81,213.14,2026-10-07 06:54:42
6649/2COL,9,6649/2COL OBRAZEK ŚW. RODZINA 7x11 CM,94.65,227.16,2026-10-07 06:54:42
6649/2WM,163,6649/2WM OBRAZEK ŚW. RODZINA 9x13 CM,94.65,227.16,2026-10-07 06:54:42
6649/2X,71,6649/2X OBRAZEK ŚW. RODZINA 12x17 CM,168.26,336.52,2026-10-07 06:54:42
6649/2XCOL,25,6649/2XCOL OBRAZEK ŚW. RODZINA 12x17 CM,179.95,359.90,2026-10-07 06:54:42
6649/2XWM,52,6649/2XWM OBRAZEK ŚW. RODZINA 14x19 CM,183.45,366.90,2026-10-07 06:54:42
6649/3,19,6649/3 OBRAZEK ŚW. RODZINA 17x23 CM,285.11,513.20,2026-10-07 06:54:42
6649/3COL,11,6649/3COL OBRAZEK ŚW. RODZINA 17x23 CM,306.15,551.07,2026-10-07 06:54:42
6649/3WM,12,6649/3WM OBRAZEK ŚW. RODZINA 19x25 CM,311.99,561.58,2026-10-07 06:54:42
6649/5,21,6649/5 OBRAZ ŚW. RODZINA 23x32 CM,500.12,900.22,2026-10-07 06:54:42
6649/5COL,3,6649/5COL OBRAZ ŚW. RODZINA 23x32 CM,535.17,963.31,2026-10-07 06:54:42
6649/7,17,6649/7 OBRAZ ŚW. RODZINA 30x41 CM,807.43,1453.37,2026-10-07 06:54:42
6649/7COL,2,6649/7COL OBRAZ ŚW. RODZINA 30x41 CM,863.52,1554.34,2026-10-07 06:54:42
6649AP/2X,9,6649AP/2X PANEL ŚW. RODZINA 21x23 CM,196.31,392.62,2026-10-07 06:54:42
6649AP/3,12,"6649AP/3 PANEL ŚW. RODZINA 28x30,5 CM",334.19,601.54,2026-10-07 06:54:42
6649AP/5,6,"6649AP/5 PANEL ŚW. RODZINA 38x41,5 CM",591.26,1064.27,2026-10-07 06:54:42
6649K/2,14,6649K/2 PANEL ŚW. RODZINA 20x15 CM,84.13,201.91,2026-10-07 06:54:42
6649K/2COL,7,6649K/2COL PANEL ŚW. RODZINA 20x15 CM,89.97,215.93,2026-10-07 06:54:42
6649KP/2,15,6649KP/2 PANEL ŚW. RODZINA 20x15 CM,84.13,201.91,2026-10-07 06:54:42
6649KP/2COL,14,6649KP/2COL PANEL ŚW. RODZINA 20x15 CM,89.97,215.93,2026-10-07 06:54:42
6649S/2X,26,6649S/2X OBRAZEK ŚW. RODZINA 12x17 CM,168.26,336.52,2026-10-07 06:54:42
6649S/3,10,6649S/3 OBRAZEK ŚW. RODZINA 17x23 CM,285.11,513.20,2026-10-07 06:54:42
6649S/5,10,6649S/5 OBRAZ ŚW. RODZINA 23x32 CM,500.12,900.22,2026-10-07 06:54:42
6649S/7,14,6649S/7 OBRAZ ŚW. RODZINA 30x41 CM,807.43,1453.37,2026-10-07 06:54:42
6650/2,24,6650/2 OBRAZEK ŚW. RODZINA 7x14 CM,100.49,221.08,2026-10-07 06:54:42
6650/2X,47,6650/2X OBRAZEK ŚW. RODZINA 10x20 CM,165.93,331.86,2026-10-07 06:54:42
6650/3,76,6650/3 OBRAZEK ŚW. RODZINA 15x30 CM,321.34,578.41,2026-10-07 06:54:42
6650/5,9,"6650/5 OBRAZ ŚW. RODZINA 18,5x37 CM",467.40,841.32,2026-10-07 06:54:42
6650/7,3,6650/7 OBRAZ ŚW. RODZINA 25x50 CM,820.29,1476.52,2026-10-07 06:54:42
6650F/2X,13,6650F/2X PANEL ŚW. RODZINA 22x25 CM,199.81,399.62,2026-10-07 06:54:42
6650F/5,20,6650F/5 PANEL ŚW. RODZINA 38x44 CM,564.39,1015.90,2026-10-07 06:54:42
6650FP/2X,14,6650FP/2X PANEL ŚW. RODZINA 22x25 CM,199.81,399.62,2026-10-07 06:54:42
6650FP/3,9,6650FP/3 PANEL ŚW. RODZINA 33x38 CM,330.62,595.12,2026-10-07 06:54:42
6650FP/5,7,6650FP/5 PANEL ŚW. RODZINA 38x44 CM,564.39,1015.90,2026-10-07 06:54:42
6650L/2X,32,6650L/2X PANEL ŚW. RODZINA 16x25 CM,189.30,378.60,2026-10-07 06:54:42
6650L/3,28,6650L/3 PANEL ŚW. RODZINA 24x39 CM,341.20,614.16,2026-10-07 06:54:42
6650M/2XC,40,6650M/2XC PANEL ŚW. RODZINA 16x25 CM,189.30,378.60,2026-10-07 06:54:42
6650P/2XC,0,6650P/2XC PANEL ŚW. RODZINA 16x25 CM,99.63,239.11,2026-10-07 06:54:42
6650S/2,91,6650S/2 OBRAZEK ŚW. RODZINA 7x14 CM,100.49,221.08,2026-10-07 06:54:42
6650S/2TP,16,6650S/2TP OBRAZEK ŚW. RODZINA 10x17 CM,113.34,249.35,2026-10-07 06:54:42
6650S/2X,58,6650S/2X OBRAZEK ŚW. RODZINA 10x20 CM,165.93,331.86,2026-10-07 06:54:42
6650S/2XTP,8,6650S/2XTP OBRAZEK ŚW. RODZINA 14x24 CM,184.62,369.24,2026-10-07 06:54:42
6650S/3,56,6650S/3 OBRAZEK ŚW. RODZINA 15x30 CM,321.34,578.41,2026-10-07 06:54:42
6650S/3TP,19,6650S/3TP OBRAZEK ŚW. RODZINA 19x34 CM,361.07,649.93,2026-10-07 06:54:42
6650S/5,19,"6650S/5 OBRAZ ŚW. RODZINA 18,5x37 CM",467.40,841.32,2026-10-07 06:54:42
6650S/7,15,6650S/7 OBRAZ ŚW. RODZINA 25x50 CM,820.29,1476.52,2026-10-07 06:54:42
6650SOP/2,33,6650SOP/2 PANEL ŚW. RODZINA 13x18 CM,113.34,249.35,2026-10-07 06:54:42
6650SOP/2X,0,6650SOP/2X PANEL ŚW. RODZINA 16x25 CM,189.30,378.60,2026-10-07 06:54:42
6650SOP/3,23,6650SOP/3 PANEL ŚW. RODZINA 24x39 CM,341.20,614.16,2026-10-07 06:54:42
6650SWP/2X,19,6650SWP/2X OBRAZEK ŚW. RODZINA 16x25 CM,189.30,378.60,2026-10-07 06:54:42
6650SWP/3,25,"6650SWP/3 OBRAZEK ŚW. RODZINA 24x37,5 CM",373.92,673.06,2026-10-07 06:54:42
6650SWP/5,0,"6650SWP/5 OBRAZ ŚW. RODZINA 29x45,5 CM",546.86,984.35,2026-10-07 06:54:42
6652/2X,15,"6652/2X OBRAZEK ŚW. RODZINA 12x13,5 CM",126.20,277.64,2026-10-07 06:54:42
6652/3,2,6652/3 OBRAZEK ŚW. RODZINA 15x17 CM,179.95,359.90,2026-10-07 06:54:42
6652/5,10,"6652/5 OBRAZ ŚW. RODZINA 22,5x26 CM",328.35,591.03,2026-10-07 06:54:42
6654/2,10,6654/2 OBRAZEK ANIOŁEK 7x9 CM,72.45,173.88,2026-10-07 06:54:42
6654/2X,7,6654/2X OBRAZEK ANIOŁEK 10x13 CM,101.66,223.65,2026-10-07 06:54:42
6655/1,17,6655/1 OBRAZEK ANIOŁKI 5x10 CM,72.45,173.88,2026-10-07 06:54:42
6655/1COL,12,6655/1COL OBRAZEK ANIOŁKI 5x10 CM,77.12,185.09,2026-10-07 06:54:42
6655/2,35,6655/2 OBRAZEK ANIOŁKI 7x14 CM,100.49,221.08,2026-10-07 06:54:42
6655/2COL,34,6655/2COL OBRAZEK ANIOŁKI 7x14 CM,106.33,233.93,2026-10-07 06:54:42
6655/2X,0,6655/2X OBRAZEK ANIOŁKI 10x20 CM,165.93,331.86,2026-10-07 06:54:42
6655/2XCOL,4,6655/2XCOL OBRAZEK ANIOŁKI 10x20 CM,177.61,355.22,2026-10-07 06:54:42
6655OP/1,63,"6655OP/1 PANEL ANIOŁKI 9,5x13 CM",78.29,187.90,2026-10-07 06:54:42
6655OP/2,40,6655OP/2 PANEL ANIOŁKI 13x18 CM,113.34,249.35,2026-10-07 06:54:42
6655W/2,9,"6655W/2 PANEL ANIOŁKI 8,5x15 CM",107.50,236.50,2026-10-07 06:54:42
6656/0,4,6656/0 OBRAZEK ANIOŁEK 4x9 cm,61.93,148.63,2026-10-07 06:54:42
6656/1,12,6656/1 OBRAZEK ANIOŁEK 5x11 cm,75.95,182.28,2026-10-07 06:54:42
6656/2,99,6656/2 OBRAZEK ANIOŁEK 6x14 cm,92.31,221.54,2026-10-07 06:54:42
6656/2X,0,6656/2X OBRAZEK ANIOŁEK 7x16 cm,109.84,241.65,2026-10-07 06:54:42
6656/3,0,"6656/3 OBRAZEK ANIOŁEK 8,5x19 cm",141.39,311.06,2026-10-07 06:54:42
6657/1,24,6657/1 OBRAZEK ANIOŁEK 5x10 CM,72.45,173.88,2026-10-07 06:54:42
6657/1COL,102,6657/1COL OBRAZEK ANIOŁEK 5x10 CM,77.12,185.09,2026-10-07 06:54:42
6657/1RCOL,57,6657/1RCOL OBRAZEK ANIOŁEK 5x10 CM,77.12,185.09,2026-10-07 06:54:42
6657/2,339,6657/2 OBRAZEK ANIOŁEK 7x14 CM,100.49,221.08,2026-10-07 06:54:42
6657/2COL,202,6657/2COL OBRAZEK ANIOŁEK 7x14 CM,106.33,233.93,2026-10-07 06:54:42
6657/2RCOL,76,6657/2RCOL OBRAZEK ANIOŁEK 7x14 CM,106.33,233.93,2026-10-07 06:54:42
6657/2TP,5,6657/2TP OBRAZEK ANIOŁEK 10x17 CM,113.34,249.35,2026-10-07 06:54:42
6657/2X,229,6657/2X OBRAZEK ANIOŁEK 10x20 CM,165.93,331.86,2026-10-07 06:54:42
6657/2XCOL,483,6657/2XCOL OBRAZEK ANIOŁEK 10x20 CM,177.61,355.22,2026-10-07 06:54:42
6657/2XRCOL,18,6657/2XRCOL OBRAZEK ANIOŁEK 10x20 CM,177.61,355.22,2026-10-07 06:54:42
6657FP/2,79,6657FP/2 PANEL ANIOŁEK 16x18 CM,119.19,262.22,2026-10-07 06:54:42
6657OP/1,107,"6657OP/1 PANEL ANIOŁEK 9,5x13 CM",78.29,187.90,2026-10-07 06:54:42
6657OP/2,83,6657OP/2 PANEL ANIOŁEK 13x18 CM,113.34,249.35,2026-10-07 06:54:42
6657P/2A,9,6657P/2A PANEL ANIOŁEK 12x18 CM,115.68,254.50,2026-10-07 06:54:42
6657P/2XA,0,6657P/2XA PANEL ANIOŁEK 16x25 CM,189.30,378.60,2026-10-07 06:54:42
6657W/2,22,"6657W/2 PANEL ANIOŁEK 8,5x15 CM",107.50,236.50,2026-10-07 06:54:42
6664/2X,11,6664/2X OBRAZEK ŚW. RODZINA 12x12 CM,130.87,287.91,2026-10-07 06:54:42
6664/3,0,6664/3 OBRAZEK ŚW. RODZINA 16x16 CM,190.47,380.94,2026-10-07 06:54:42
6665S/2X,47,6665S/2X OBRAZEK ŚW. RODZINA 9x13 CM,114.51,251.92,2026-10-07 06:54:42
6665S/3,31,6665S/3 OBRAZEK ŚW. RODZINA 13x18 CM,186.96,373.92,2026-10-07 06:54:42
6665S/5,19,6665S/5 OBRAZEK ŚW. RODZINA 18x24 CM,309.65,557.37,2026-10-07 06:54:42
6667S/2X,19,6667S/2X OBRAZEK ANIOŁEK 9x13 CM,114.51,251.92,2026-10-07 06:54:42
6667S/2XC,37,6667S/2XC OBRAZEK ANIOŁEK 9x13 CM,122.69,269.92,2026-10-07 06:54:42
6667S/2XR,31,6667S/2XR OBRAZEK ANIOŁEK 9x13 CM,122.69,269.92,2026-10-07 06:54:42
6667SF/2,27,6667SF/2 PANEL ANIOŁEK 9x12 CM,80.63,193.51,2026-10-07 06:54:42
6667SF/2C,38,6667SF/2C PANEL ANIOŁEK 9x12 CM,86.47,207.53,2026-10-07 06:54:42
6667SF/2R,31,6667SF/2R PANEL ANIOŁEK 9x12 CM,86.47,207.53,2026-10-07 06:54:42
6672S/2,32,6672S/2 OBRAZEK SERCE JEZUSA 6x12 CM,86.47,207.53,2026-10-07 06:54:42
6672S/2X,30,6672S/2X OBRAZEK SERCE JEZUSA 9x18 CM,142.56,313.63,2026-10-07 06:54:42
6672S/3,13,6672S/3 OBRAZEK SERCE JEZUSA 12x24 CM,220.85,441.70,2026-10-07 06:54:42
6717/1A,98,6717/1A OBRAZEK PAMIĄTKA I KOMUNII ŚW.  5x10 CM,72.45,173.88,2026-10-07 06:54:42
6717/1ACOL,97,6717/1ACOL OBRAZEK PAMIĄTKA I KOMUNII     ŚW. 5x10 CM,77.12,185.09,2026-10-07 06:54:42
6717/1O,75,6717/1O OBRAZEK PAMIĄTKA I KOMUNII ŚW.  5x10 CM,72.45,173.88,2026-10-07 06:54:42
6717/1OCOL,116,6717/1OCOL OBRAZEK PAMIĄTKA I KOMUNII  ŚW. 5x10 CM,77.12,185.09,2026-10-07 06:54:42
6717/1XA,26,6717/1XA OBRAZEK PAMIĄTKA I KOMUNII ŚW.   6x12 CM,86.47,207.53,2026-10-07 06:54:42
6717/1XACOL,83,6717/1XACOL OBRAZEK PAMIĄTKA I KOMUNII    ŚW. 6x12 CM,92.31,221.54,2026-10-07 06:54:42
6717/1XO,37,6717/1XO OBRAZEK PAMIĄTKA I KOMUNII ŚW.   6x12 CM,86.47,207.53,2026-10-07 06:54:42
6717/1XOCOL,90,6717/1XOCOL OBRAZEK PAMIĄTKA I KOMUNII    ŚW. 6x12 CM,92.31,221.54,2026-10-07 06:54:42
6717/2A,177,6717/2A OBRAZEK PAMIĄTKA I KOMUNII ŚW.    7x14 CM,100.49,221.08,2026-10-07 06:54:42
6717/2ACOL,124,6717/2ACOL OBRAZEK PAMIĄTKA I KOMUNII     ŚW. 7x14 CM,106.33,233.93,2026-10-07 06:54:42
6717/2O,94,6717/2O OBRAZEK PAMIĄTKA I KOMUNII ŚW.    7x14 CM,100.49,221.08,2026-10-07 06:54:42
6717/2OCOL,146,6717/2OCOL OBRAZEK PAMIĄTKA I KOMUNII     ŚW. 7x14 CM,106.33,233.93,2026-10-07 06:54:42
6717/2XA,283,6717/2XA OBRAZEK PAMIĄTKA I KOMUNII ŚW.  10x20 CM,165.93,331.86,2026-10-07 06:54:42
6717/2XACOL,69,6717/2XACOL OBRAZEK PAMIĄTKA I KOMUNII    ŚW. 10x20 CM,177.61,355.22,2026-10-07 06:54:42
6717/2XO,173,6717/2XO OBRAZEK PAMIĄTKA I KOMUNII ŚW.  10x20 CM,165.93,331.86,2026-10-07 06:54:42
6717/2XOCOL,50,6717/2XOCOL OBRAZEK PAMIĄTKA I KOMUNII    ŚW. 10x20 CM,177.61,355.22,2026-10-07 06:54:42
6717/2XSA,83,6717/2XSA OBRAZEK PAMIĄTKA I KOMUNII ŚW.  9x18 CM,142.56,313.63,2026-10-07 06:54:42
6717/2XSACOL,286,6717/2XSACOL OBRAZEK PAMIĄTKA I KOMUNII   ŚW. 9x18 CM,153.07,306.14,2026-10-07 06:54:42
6717/2XSO,93,6717/2XSO OBRAZEK PAMIĄTKA I KOMUNII ŚW.  9x18 CM,142.56,313.63,2026-10-07 06:54:42
6717/2XSOCOL,110,6717/2XSOCOL OBRAZEK PAMIĄTKA I KOMUNII   ŚW. 9x18 CM,153.07,306.14,2026-10-07 06:54:42
6717FP/2A,57,6717FP/2A PANEL PAMIĄTKA I KOMUNII ŚW.  16x18 CM,119.19,262.22,2026-10-07 06:54:42
6717FP/2O,22,6717FP/2O PANEL PAMIĄTKA I KOMUNII ŚW.  16x18 CM,119.19,262.22,2026-10-07 06:54:42
6717FP/2XO,2,6717FP/2XO PANEL PAMIĄTKA I KOMUNII ŚW.   22x25 CM,105.17,231.37,2026-10-07 06:54:42
6717K/1A,118,6717K/1A PANEL PAMIĄTKA I KOMUNII ŚW.     18x13 CM,67.77,162.65,2026-10-07 06:54:42
6717K/1O,117,6717K/1O PANEL PAMIĄTKA I KOMUNII ŚW.     18x13 CM,67.77,162.65,2026-10-07 06:54:42
6717OP/1A,122,"6717OP/1A PANEL PAMIĄTKA I KOMUNII ŚW.    9,5x13 CM",79.46,190.70,2026-10-07 06:54:42
6717OP/1ACOL,102,"6717OP/1ACOL PANEL PAMIĄTKA I KOMUNII     ŚW. 9,5x13 CM",84.13,201.91,2026-10-07 06:54:42
6717OP/1O,129,"6717OP/1O PANEL PAMIĄTKA I KOMUNII ŚW.    9,5x13 CM",79.46,190.70,2026-10-07 06:54:42
6717OP/1OCOL,112,"6717OP/1OCOL PANEL PAMIĄTKA I KOMUNII     ŚW. 9,5x13 CM",84.13,201.91,2026-10-07 06:54:42
6717OP/2A,122,6717OP/2A PANEL PAMIĄTKA I KOMUNII ŚW.    13x18 CM,113.34,249.35,2026-10-07 06:54:42
6717OP/2ACOL,57,6717OP/2ACOL PANEL PAMIĄTKA I KOMUNII     ŚW. 13x18 CM,119.19,262.22,2026-10-07 06:54:42
6717OP/2O,113,6717OP/2O PANEL PAMIĄTKA I KOMUNII ŚW.    13x18 CM,113.34,249.35,2026-10-07 06:54:42
6717OP/2OCOL,59,6717OP/2OCOL PANEL PAMIĄTKA I KOMUNII     ŚW. 13x18 CM,119.19,262.22,2026-10-07 06:54:42
6717W/2A,131,"6717W/2A PANEL PAMIĄTKA I KOMUNII ŚW.     8,5x15 CM",107.50,236.50,2026-10-07 06:54:42
6717W/2ACOL,62,"6717W/2ACOL PANEL PAMIĄTKA I KOMUNII ŚW.  8,5x15 CM",114.51,251.92,2026-10-07 06:54:42
6717W/2O,116,"6717W/2O (6717F/2O) PANEL PAMIĄTKA I      KOMUNII ŚW. 8,5x15 CM",107.50,236.50,2026-10-07 06:54:42
6717W/2OCOL,74,"6717W/2OCOL PANEL PAMIĄTKA I KOMUNII ŚW.  8,5x15 CM",114.51,251.92,2026-10-07 06:54:42
6717W/2XA,68,"6717W/2XA PANEL PAMIĄTKA I KOMUNII ŚW.    15,5x25 CM",189.30,378.60,2026-10-07 06:54:42
6717W/2XO,66,"6717W/2XO PANEL PAMIĄTKA I KOMUNII ŚW.    15,5x25 CM",189.30,378.60,2026-10-07 06:54:42
6718/2,1,6718/2 OBRAZEK PAMIĄTKA I KOMUNII ŚW.  7x11 CM,46.74,121.52,2026-10-07 06:54:42
6718W/2,106,"6718W/2 PANEL PAMIĄTKA I KOMUNII ŚW.      10,5x14 CM",40.84,106.18,2026-10-07 06:54:42
6718WM/2,97,"6718WM/2 PANEL PAMIĄTKA I KOMUNII ŚW.     10,5x14 CM",40.84,106.18,2026-10-07 06:54:42
6719/2,120,6719/2 OBRAZEK PAMIĄTKA BIERZMOWANIA      7x14 CM,100.49,221.08,2026-10-07 06:54:42
6719/2COL,0,6719/2COL OBRAZEK PAMIĄTKA BIERZMOWANIA   7x14 CM,106.33,233.93,2026-10-07 06:54:42
6719FP/2X,5,6719FP/2X PANEL PAMIĄTKA BIERZMOWANIA     22x25 CM,105.17,231.37,2026-10-07 06:54:42
6719OP/1,90,"6719OP/1 PANEL PAMIĄTKA BIERZMOWANIA      9,5x13 CM",78.29,187.90,2026-10-07 06:54:42
6719W/2,61,"6719W/2 PANEL PAMIĄTKA BIERZMOWANIA       8,5x15 CM",107.50,236.50,2026-10-07 06:54:42
6720/2,57,6720/2 OBRAZEK PAMIĄTKA I KOMUNII ŚW.     6x12 CM,86.47,207.53,2026-10-07 06:54:42
6720/2COL,43,6720/2COL OBRAZEK PAMIĄTKA I KOMUNII ŚW.  6x12 CM,92.31,221.54,2026-10-07 06:54:42
6720/2X,41,6720/2X OBRAZEK PAMIĄTKA I KOMUNII ŚW.    9x18 CM,142.56,313.63,2026-10-07 06:54:42
6720/2XCOL,42,6720/2XCOL OBRAZEK PAMIĄTKA I KOMUNII     ŚW. 9x18 CM,153.07,306.14,2026-10-07 06:54:42
6720F/2,26,"6720F/2 PANEL PAMIĄTKA I KOMUNII ŚW.      9x13,5 CM",92.31,221.54,2026-10-07 06:54:42
6721/2,43,6721/2 OBRAZEK PAMIĄTKA BIERZMOWANIA 6x9  CM,73.62,176.69,2026-10-07 06:54:42
6721/2X,39,6721/2X OBRAZEK PAMIĄTKA BIERZMOWANIA     9x13 CM,114.51,251.92,2026-10-07 06:54:42
6721F/2,51,6721F/2 OBRAZEK PAMIĄTKA BIERZMOWANIA     9x12 CM,80.63,193.51,2026-10-07 06:54:42
6731S/1,22,6731S/1 OBRAZEK ANIOŁEK 8x7 CM,68.94,165.46,2026-10-07 06:54:42
6731S/2,45,"6731S/2 OBRAZEK ANIOŁEK 11x9,5 CM",93.48,224.35,2026-10-07 06:54:42
6731S/3,1,"6731S/3 OBRAZEK ANIOŁEK 15,5x14 CM",146.06,321.33,2026-10-07 06:54:42
6732S/1,60,6732S/1 OBRAZEK ANIOŁEK 8x7 CM,68.94,165.46,2026-10-07 06:54:42
6732S/1C,30,6732S/1C OBRAZEK ANIOŁEK 8x7 CM,74.78,179.47,2026-10-07 06:54:42
6732S/1F,87,"6732S/1F OBRAZEK ANIOŁEK 11x10,5 CM",74.78,179.47,2026-10-07 06:54:42
6732S/1R,34,6732S/1R OBRAZEK ANIOŁEK 8x7 CM,74.78,179.47,2026-10-07 06:54:42
6732S/2,43,"6732S/2 OBRAZEK ANIOŁEK 11x9,5 CM",93.48,224.35,2026-10-07 06:54:42
6732S/2C,30,"6732S/2C OBRAZEK ANIOŁEK 11x9,5 CM",100.49,221.08,2026-10-07 06:54:42
6732S/2F,39,6732S/2F OBRAZEK ANIOŁEK 16x15 CM,104.00,228.80,2026-10-07 06:54:42
6732S/2R,35,"6732S/2R OBRAZEK ANIOŁEK 11x9,5 CM",100.49,221.08,2026-10-07 06:54:42
6732S/3,44,"6732S/3 OBRAZEK ANIOŁEK 15,5x14 CM",146.06,321.33,2026-10-07 06:54:42
6733/1,141,6733/1 OBRAZEK ANIOŁEK 6x6 CM,63.10,151.44,2026-10-07 06:54:42
6733/2,65,6733/2 OBRAZEK ANIOŁEK 8x8 CM,80.63,193.51,2026-10-07 06:54:42
6733/2COL,26,6733/2COL OBRAZEK ANIOŁEK 8x8 CM,86.47,207.53,2026-10-07 06:54:42
6733/2RCOL,0,6733/2RCOL OBRAZEK ANIOŁEK 8x8 CM,86.47,207.53,2026-10-07 06:54:42
6733/2W,44,6733/2W OBRAZEK ANIOŁEK 10x10 CM,86.47,207.53,2026-10-07 06:54:42
6733/2X,13,6733/2X OBRAZEK ANIOŁEK 12x12 CM,130.87,287.91,2026-10-07 06:54:42
6733/2XCOL,30,6733/2XCOL OBRAZEK ANIOŁEK 12x12 CM,140.22,308.48,2026-10-07 06:54:42
6733/2XRCOL,0,6733/2XRCOL OBRAZEK ANIOŁEK 12x12 CM,140.22,308.48,2026-10-07 06:54:42
6733/2XW,37,6733/2XW OBRAZEK ANIOŁEK 14x14 CM,142.56,313.63,2026-10-07 06:54:42
6733/3,23,6733/3 OBRAZEK ANIOŁEK 16x16 CM,200.98,401.96,2026-10-07 06:54:42
6733/3COL,1,6733/3COL OBRAZEK ANIOŁEK 16x16 CM,113.16,248.95,2026-10-07 06:54:42
6733/3W,1,6733/3W OBRAZEK ANIOŁEK 18x18 CM,220.85,441.70,2026-10-07 06:54:42
6733W/2,47,6733W/2 PANEL ANIOŁEK 12x12 CM,89.97,215.93,2026-10-07 06:54:42
6733W/2X,33,"6733W/2X PANEL ANIOŁEK 17,5x17,5 CM",150.74,301.48,2026-10-07 06:54:42
6733W/3,0,"6733W/3 PANEL ANIOŁEK 23,5x23,5 CM",233.70,467.40,2026-10-07 06:54:42
6740/2XCOL,11,6740/2XCOL OBRAZEK ANIOŁEK 10x20 CM,74.78,179.47,2026-10-07 06:54:42
6741/2,12,6741/2 OBRAZEK ŚW. RODZINA 8x8 CM,80.63,193.51,2026-10-07 06:54:42
6741/2X,41,6741/2X OBRAZEK ŚW. RODZINA 12x12 CM,130.87,287.91,2026-10-07 06:54:42
6741/3,26,6741/3 OBRAZEK ŚW. RODZINA 16x16 CM,200.98,401.96,2026-10-07 06:54:42
6741/5,12,6741/5 OBRAZ ŚW. RODZINA 21x21 CM,316.66,569.99,2026-10-07 06:54:42
6741/7,10,6741/7 OBRAZ ŚW. RODZINA 36x36 CM,848.33,1526.99,2026-10-07 06:54:42
6741W/2,5,6741W/2 PANEL ŚW. RODZINA 12x12 CM,89.97,215.93,2026-10-07 06:54:42
6741W/2X,7,"6741W/2X PANEL ŚW. RODZINA 17,5x17,5 CM",150.74,301.48,2026-10-07 06:54:42
6741W/3,18,"6741W/3 PANEL ŚW. RODZINA 23,5x23,5 CM",233.70,467.40,2026-10-07 06:54:42
6741WP/2,10,6741WP/2 PANEL ŚW. RODZINA 12x12 CM,89.97,215.93,2026-10-07 06:54:42
6741WP/2X,5,"6741WP/2X PANEL ŚW. RODZINA 17,5x17,5 CM",150.74,301.48,2026-10-07 06:54:42
6741WP/3,20,"6741WP/3 PANEL ŚW. RODZINA 23,5x23,5 CM",233.70,467.40,2026-10-07 06:54:42
6745/2X,0,6745/2X OBRAZEK ŚW. RODZINA 17x12 CM,168.26,336.52,2026-10-07 06:54:42
6745/3,10,6745/3 OBRAZEK ŚW. RODZINA 23x17 CM,285.11,513.20,2026-10-07 06:54:42
6745/5,4,6745/5 OBRAZ ŚW. RODZINA 32x23 CM,500.12,900.22,2026-10-07 06:54:42
6745/7,0,6745/7 OBRAZ ŚW. RODZINA 41x30 CM,807.43,1453.37,2026-10-07 06:54:42
6745WP/2,5,6745WP/2 PANEL ŚW. RODZINA 15x11 CM,98.15,235.56,2026-10-07 06:54:42
6745WP/2X,0,6745WP/2X PANEL ŚW. RODZINA 23x18 CM,195.14,390.28,2026-10-07 06:54:42
6745WP/3,0,6745WP/3 PANEL ŚW. RODZINA 31x26 CM,335.36,603.65,2026-10-07 06:54:42
6745WP/5,3,6745WP/5 PANEL ŚW. RODZINA 44x36 CM,592.43,1066.37,2026-10-07 06:54:42
6746/1,30,6746/1 OBRAZEK PAMIĄTKA I KOMUNII ŚW.     7x7 CM,63.10,151.44,2026-10-07 06:54:42
6746/1COL,96,6746/1COL OBRAZEK PAMIĄTKA I KOMUNII ŚW.  7x7 CM,66.60,159.84,2026-10-07 06:54:42
6746/2,22,6746/2 OBRAZEK PAMIĄTKA I KOMUNII ŚW.     10x10 CM,87.64,210.34,2026-10-07 06:54:42
6746/2COL,63,6746/2COL OBRAZEK PAMIĄTKA I KOMUNII ŚW.  10x10 CM,93.48,224.35,2026-10-07 06:54:42
6746/2X,57,6746/2X OBRAZEK PAMIĄTKA I KOMUNII ŚW.  13x13 CM,123.86,272.49,2026-10-07 06:54:42
6746/2XCOL,51,6746/2XCOL OBRAZEK PAMIĄTKA I KOMUNII     ŚW. 13x13 CM,132.04,290.49,2026-10-07 06:54:42
6746/3,19,6746/3 OBRAZEK PAMIĄTKA I KOMUNII ŚW.     16x16 CM,177.61,355.22,2026-10-07 06:54:42
6746/3COL,37,6746/3COL OBRAZEK PAMIĄTKA I KOMUNII ŚW.  16x16 CM,190.47,380.94,2026-10-07 06:54:42
6746ALB/2,59,6746ALB/2 ALBUM PAMIĄTKA I KOMUNII ŚW.    20x25 CM,174.11,348.22,2026-10-07 06:54:42
6746K/1,41,6746K/1 PANEL PAMIĄTKA I KOMUNII ŚW.      18x13 CM,58.43,140.23,2026-10-07 06:54:42
6746OP/1,95,6746OP/1 PANEL PAMIĄTKA I KOMUNII ŚW.     11x10 CM,67.77,162.65,2026-10-07 06:54:42
6746OP/1COL,62,6746OP/1COL PANEL PAMIĄTKA I KOMUNII ŚW.  11x10 CM,71.28,171.07,2026-10-07 06:54:42
6746OP/2,127,"6746OP/2 PANEL PAMIĄTKA I KOMUNII ŚW.     15,5x15 CM",98.15,235.56,2026-10-07 06:54:42
6746OP/2COL,59,"6746OP/2COL PANEL PAMIĄTKA I KOMUNII ŚW.  15,5x15 CM",104.00,228.80,2026-10-07 06:54:42
6746OP/2X,65,"6746OP/2X PANEL PAMIĄTKA I KOMUNII ŚW.  21x20,5 CM",142.56,313.63,2026-10-07 06:54:42
6746OP/2XCOL,43,"6746OP/2XCOL PANEL PAMIĄTKA I KOMUNII     ŚW. 21x20,5 CM",150.74,301.48,2026-10-07 06:54:42
6746RAM/3XL,54,6746RAM/3XL RAMKA PAMIĄTKA I KOMUNII ŚW.  10x15 CM,49.20,127.92,2026-10-07 06:54:42
6746RAM/3XLCOL,1,6746RAM/3XLCOL RAMKA PAMIĄTKA I KOMUNII   ŚW. 10x15 CM,27.68,71.97,2026-10-07 06:54:42
6746RAM/4L,96,6746RAM/4L RAMKA PAMIĄTKA I KOMUNII ŚW.   13x18 CM,61.50,147.60,2026-10-07 06:54:42
6747/1,140,6747/1 OBRAZEK PAMIĄTKA I KOMUNII ŚW.     7x7 CM,63.10,151.44,2026-10-07 06:54:42
6747/1COL,179,6747/1COL OBRAZEK PAMIĄTKA I KOMUNII ŚW.  7x7 CM,66.60,159.84,2026-10-07 06:54:42
6747/2,76,6747/2 OBRAZEK PAMIĄTKA I KOMUNII ŚW.     10x10 CM,87.64,210.34,2026-10-07 06:54:42
6747/2COL,126,6747/2COL OBRAZEK PAMIĄTKA I KOMUNII ŚW.  10x10 CM,93.48,224.35,2026-10-07 06:54:42
6747/2X,115,6747/2X OBRAZEK PAMIĄTKA I KOMUNII ŚW.  13x13 CM,123.86,272.49,2026-10-07 06:54:42
6747/2XCOL,132,6747/2XCOL OBRAZEK PAMIĄTKA I KOMUNII     ŚW. 13x13 CM,132.04,290.49,2026-10-07 06:54:42
6747/3,47,6747/3 OBRAZEK PAMIĄTKA I KOMUNII ŚW.     16x16 CM,177.61,355.22,2026-10-07 06:54:42
6747/3COL,74,6747/3COL OBRAZEK PAMIĄTKA I KOMUNII ŚW.  16x16 CM,190.47,380.94,2026-10-07 06:54:42
6747ALB/2,54,6747ALB/2 ALBUM PAMIĄTKA I KOMUNII ŚW.    20x25 CM,174.11,348.22,2026-10-07 06:54:42
6747K/1,43,6747K/1 PANEL PAMIĄTKA I KOMUNII ŚW.      18x13 CM,58.43,140.23,2026-10-07 06:54:42
6747OP/1,153,6747OP/1 PANEL PAMIĄTKA I KOMUNII ŚW.     11x10 CM,67.77,162.65,2026-10-07 06:54:42
6747OP/1COL,83,6747OP/1COL PANEL PAMIĄTKA I KOMUNII ŚW.  11x10 CM,71.28,171.07,2026-10-07 06:54:42
6747OP/2,158,"6747OP/2 PANEL PAMIĄTKA I KOMUNII ŚW.     15,5x15 CM",98.15,235.56,2026-10-07 06:54:42
6747OP/2COL,101,"6747OP/2COL PANEL PAMIĄTKA I KOMUNII ŚW.  15,5x15 CM",104.00,228.80,2026-10-07 06:54:42
6747OP/2X,59,"6747OP/2X PANEL PAMIĄTKA I KOMUNII ŚW.    21x20,5 CM",142.56,313.63,2026-10-07 06:54:42
6747OP/2XCOL,46,"6747OP/2XCOL PANEL PAMIĄTKA I KOMUNII     ŚW. 21x20,5 CM",150.74,301.48,2026-10-07 06:54:42
6747RAM/3XL,53,6747RAM/3XL RAMKA PAMIĄTKA I KOMUNII ŚW.  10x15 CM,49.20,127.92,2026-10-07 06:54:42
6747RAM/4L,106,6747RAM/4L RAMKA PAMIĄTKA I KOMUNII ŚW.   13x18 CM,61.50,147.60,2026-10-07 06:54:42
6748/1,253,6748/1 OBRAZEK ANIOŁEK 7x7 CM,63.10,151.44,2026-10-07 06:54:42
6748/1COL,128,6748/1COL OBRAZEK ANIOŁEK 7x7 CM,66.60,159.84,2026-10-07 06:54:42
6748/1RCOL,96,6748/1RCOL OBRAZEK ANIOŁEK 7x7 CM,66.60,159.84,2026-10-07 06:54:42
6748/2,40,6748/2 OBRAZEK ANIOŁEK 10x10 CM,87.64,210.34,2026-10-07 06:54:42
6748/2COL,39,6748/2COL OBRAZEK ANIOŁEK 10x10 CM,93.48,224.35,2026-10-07 06:54:42
6748/2RCOL,22,6748/2RCOL OBRAZEK ANIOŁEK 10x10 CM,93.48,224.35,2026-10-07 06:54:42
6748/2X,32,6748/2X OBRAZEK ANIOŁEK 13x13 CM,123.86,272.49,2026-10-07 06:54:42
6748/2XCOL,80,6748/2XCOL OBRAZEK ANIOŁEK 13x13 CM,132.04,290.49,2026-10-07 06:54:42
6748/2XRCOL,1,6748/2XRCOL OBRAZEK ANIOŁEK 13x13 CM,132.04,290.49,2026-10-07 06:54:42
6748K/1,65,6748K/1 PANEL ANIOŁEK Z LATARENKĄ 18x13   CM,58.43,140.23,2026-10-07 06:54:42
6748K/1COL,28,6748K/1COL PANEL ANIOŁEK Z LATARENKĄ      18x13 CM,61.93,148.63,2026-10-07 06:54:42
6748K/1RCOL,25,6748K/1RCOL PANEL ANIOŁEK Z LATARENKĄ     18x13 CM,61.93,148.63,2026-10-07 06:54:42
6748S/1,47,6748S/1 OBRAZEK ANIOŁEK 7x7 CM,63.10,151.44,2026-10-07 06:54:42
6748S/1COL,22,6748S/1COL OBRAZEK ANIOŁEK 7x7 CM,66.60,159.84,2026-10-07 06:54:42
6748S/1RCOL,31,6748S/1RCOL OBRAZEK ANIOŁEK 7x7 CM,66.60,159.84,2026-10-07 06:54:42
6748S/2,109,6748S/2 OBRAZEK ANIOŁEK 10x10 CM,87.64,210.34,2026-10-07 06:54:42
6748S/2COL,19,6748S/2COL OBRAZEK ANIOŁEK 10x10 CM,93.48,224.35,2026-10-07 06:54:42
6748S/2RCOL,17,6748S/2RCOL OBRAZEK ANIOŁEK 10x10 CM,93.48,224.35,2026-10-07 06:54:42
6748S/2X,37,6748S/2X OBRAZEK ANIOŁEK 13x13 CM,123.86,272.49,2026-10-07 06:54:42
6748S/2XCOL,20,6748S/2XCOL OBRAZEK ANIOŁEK 13x13 CM,132.04,290.49,2026-10-07 06:54:42
6748S/2XRCOL,36,6748S/2XRCOL OBRAZEK ANIOŁEK 13x13 CM,132.04,290.49,2026-10-07 06:54:42
6748S/3,30,6748S/3 OBRAZEK ANIOŁEK 16x16 CM,177.61,355.22,2026-10-07 06:54:42
6748S/3COL,36,6748S/3COL OBRAZEK ANIOŁEK 16x16 CM,190.47,380.94,2026-10-07 06:54:42
6748S/3RCOL,13,6748S/3RCOL OBRAZEK ANIOŁEK 16x16 CM,190.47,380.94,2026-10-07 06:54:42
6748SOP/1,41,6748SOP/1 PANEL ANIOŁEK 11x10 CM,67.77,162.65,2026-10-07 06:54:42
6748SOP/2,15,"6748SOP/2 PANEL ANIOŁEK 15,5x15 CM",98.15,235.56,2026-10-07 06:54:42
6750S/1AW,1,6750S/1AW OBRAZEK PAMIĄTKA I KOMUNII ŚW.  10x9 CM,38.75,100.75,2026-10-07 06:54:42
6750S/1O,61,6750S/1O OBRAZEK PAMIĄTKA I KOMUNII ŚW.   8x7 CM,36.29,94.35,2026-10-07 06:54:42
6750S/1OW,1,6750S/1OW OBRAZEK PAMIĄTKA I KOMUNII ŚW.  10x9 CM,38.75,100.75,2026-10-07 06:54:42
6750S/3OW,1,6750S/3OW OBRAZEK PAMIĄTKA I KOMUNII ŚW.  19x18 CM,84.87,203.69,2026-10-07 06:54:42
6750SW/2O,5,6750SW/2O PANEL PAMIĄTKA I KOMUNII ŚW.    16x15 CM,54.74,131.38,2026-10-07 06:54:42
6753/1,10,6753/1 OBRAZEK ANIOŁEK 5x10 CM,72.45,173.88,2026-10-07 06:54:42
6753/1COL,18,6753/1COL OBRAZEK ANIOŁEK 5x10 CM,77.12,185.09,2026-10-07 06:54:42
6753/1RCOL,48,6753/1RCOL OBRAZEK ANIOŁEK 5x10 CM,77.12,185.09,2026-10-07 06:54:42
6753/2,26,6753/2 OBRAZEK ANIOŁEK 7x14 CM,100.49,221.08,2026-10-07 06:54:42
6753/2COL,0,6753/2COL OBRAZEK ANIOŁEK 7x14 CM,106.33,233.93,2026-10-07 06:54:42
6753/2RCOL,4,6753/2RCOL OBRAZEK ANIOŁEK 7x14 CM,106.33,233.93,2026-10-07 06:54:42
6753W/2,19,"6753W/2 PANEL ANIOŁEK 8,5x15 CM",107.50,236.50,2026-10-07 06:54:42
6755S/1,53,6755S/1 OBRAZEK PAMIĄTKA I KOMUNII ŚW.    8x7 CM,68.94,165.46,2026-10-07 06:54:42
6755S/1COL,15,6755S/1COL OBRAZEK PAMIĄTKA I KOMUNII     ŚW. 8x7 CM,39.36,102.34,2026-10-07 06:54:42
6755S/2,37,"6755S/2 OBRAZEK PAMIĄTKA I KOMUNII ŚW.    11x9,5 CM",93.48,224.35,2026-10-07 06:54:42
6755S/2COL,42,"6755S/2COL OBRAZEK PAMIĄTKA I KOMUNII     ŚW. 11x9,5 CM",52.89,126.94,2026-10-07 06:54:42
6755S/3COL,2,"6755S/3COL OBRAZEK PAMIĄTKA I KOMUNII     ŚW. 15,5x14 CM",82.41,197.78,2026-10-07 06:54:42
6755SF/1COL,156,"6755SF/1COL PANEL PAMIĄTKA I KOMUNII ŚW.  11,5x10 CM",41.82,108.73,2026-10-07 06:54:42
6755SF/2COL,4,"6755SF/2COL PANEL PAMIĄTKA I KOMUNII ŚW.  15,5x15 CM",58.43,140.23,2026-10-07 06:54:42
6755SF/3COL,34,"6755SF/3COL PANEL PAMIĄTKA I KOMUNII ŚW.   21x19,5 CM",92.25,221.40,2026-10-07 06:54:42
6756/2COL,45,6756/2COL OBRAZEK ANIOŁEK 7x14 CM,44.77,116.40,2026-10-07 06:54:42
6757/2COL,30,6757/2COL OBRAZEK ANIOŁEK 7x14 CM,44.77,116.40,2026-10-07 06:54:42
6757/2XCOL,3,6757/2XCOL OBRAZEK ANIOŁEK 10x20 CM,74.78,179.47,2026-10-07 06:54:42
6757W/2,3,"6757W/2 PANEL ANIOŁEK 8,5x15 CM",45.26,117.68,2026-10-07 06:54:42
6758/1COL,27,6758/1COL OBRAZEK ANIOŁEK 7x7 CM,28.04,72.90,2026-10-07 06:54:42
6758/2COL,26,6758/2COL OBRAZEK ANIOŁEK 10x10 CM,39.36,102.34,2026-10-07 06:54:42
6758/2X,0,6758/2X OBRAZEK ANIOŁEK 13x13 CM,52.15,125.16,2026-10-07 06:54:42
6758/2XCOL,23,6758/2XCOL OBRAZEK ANIOŁEK 13x13 CM,55.60,133.44,2026-10-07 06:54:42
6758/3COL,3,6758/3COL OBRAZEK ANIOŁEK 16x16 CM,80.20,192.48,2026-10-07 06:54:42
6759/1,21,6759/1 OBRAZEK ANIOŁEK 7x7 CM,26.57,69.08,2026-10-07 06:54:42
6759/1COL,28,6759/1COL OBRAZEK ANIOŁEK 7x7 CM,28.04,72.90,2026-10-07 06:54:42
6759/2COL,10,6759/2COL OBRAZEK ANIOŁEK 10x10 CM,39.36,102.34,2026-10-07 06:54:42
6759/2X,9,6759/2X OBRAZEK ANIOŁEK 13x13 CM,52.15,125.16,2026-10-07 06:54:42
6759/2XCOL,2,6759/2XCOL OBRAZEK ANIOŁEK 13x13 CM,55.60,133.44,2026-10-07 06:54:42
6759/3,15,6759/3 OBRAZEK ANIOŁEK 16x16 CM,74.78,179.47,2026-10-07 06:54:42
6759/3COL,4,6759/3COL OBRAZEK ANIOŁEK 16x16 CM,80.20,192.48,2026-10-07 06:54:42
6760/2COL,27,6760/2COL OBRAZEK ANIOŁEK 8x8 CM,36.41,94.67,2026-10-07 06:54:42
6760/2WCOL,24,6760/2WCOL OBRAZEK ANIOŁEK 10x10 CM,38.38,99.79,2026-10-07 06:54:42
6760/2XCOL,33,6760/2XCOL OBRAZEK ANIOŁEK 12x12 CM,59.04,141.70,2026-10-07 06:54:42
6760/2XWCOL,35,6760/2XWCOL OBRAZEK ANIOŁEK 14x14 CM,63.96,153.50,2026-10-07 06:54:42
6760/3COL,28,6760/3COL OBRAZEK ANIOŁEK 16x16 CM,90.53,217.27,2026-10-07 06:54:42
6760/3WCOL,15,6760/3WCOL OBRAZEK ANIOŁEK 18x18 CM,98.40,236.16,2026-10-07 06:54:42
6761/2,49,6761/2 OBRAZEK ANIOŁKI 6x12 CM,36.41,94.67,2026-10-07 06:54:42
6761/2C,55,6761/2C OBRAZEK ANIOŁKI 6x12 CM,38.87,101.06,2026-10-07 06:54:42
6761/2R,44,6761/2R OBRAZEK ANIOŁKI 6x12 CM,38.87,101.06,2026-10-07 06:54:42
6761/2X,65,6761/2X OBRAZEK ANIOŁKI 9x18 CM,60.02,144.05,2026-10-07 06:54:42
6761/2XC,77,6761/2XC OBRAZEK ANIOŁKI 9x18 CM,64.45,154.68,2026-10-07 06:54:42
6761/2XR,79,6761/2XR OBRAZEK ANIOŁKI 9x18 CM,64.45,154.68,2026-10-07 06:54:42
6761FB/2,64,6761FB/2 PANEL ANIOŁEK 9x14 CM,39.36,102.34,2026-10-07 06:54:42
6764S/2,25,"6764S/2 OBRAZEK ANIOŁEK 7,5x10 CM",86.47,207.53,2026-10-07 06:54:42
6764S/2COL,46,"6764S/2COL OBRAZEK ANIOŁEK 7,5x10 CM",92.31,221.54,2026-10-07 06:54:42
6764S/2X,20,"6764S/2X OBRAZEK ANIOŁEK 9,5x13 CM",116.85,257.07,2026-10-07 06:54:42
6764S/2XCOL,40,"6764S/2XCOL OBRAZEK ANIOŁEK 9,5x13 CM",125.03,275.07,2026-10-07 06:54:42
6764S/3COL,14,"6764S/3COL OBRAZEK ANIOŁEK 13,5x18 CM",84.62,203.09,2026-10-07 06:54:42
6765S/2X,0,6765S/2X OBRAZEK PAMIĄTKA BIERZMOWANIA    12x12 CM,130.87,287.91,2026-10-07 06:54:42
6765S/2XCOL,0,6765S/2XCOL OBRAZEK PAMIĄTKA              BIERZMOWANIA 12x12 CM,140.22,308.48,2026-10-07 06:54:42
6770/2COL,18,"6770/2COL OBRAZEK ANIOŁEK 7,5x10 CM",38.87,101.06,2026-10-07 06:54:42
6770/2XCOL,30,"6770/2XCOL OBRAZEK ANIOŁEK 9,5x13 CM",52.64,126.34,2026-10-07 06:54:42
6770/3COL,29,"6770/3COL OBRAZEK ANIOŁEK 13,5x18 CM",84.62,203.09,2026-10-07 06:54:42
6771/1COL,33,6771/1COL OBRAZEK ANIOŁEK 8x7 CM,31.49,81.87,2026-10-07 06:54:42
6771/2,40,"6771/2 OBRAZEK ANIOŁEK 11x9,5 CM",93.48,224.35,2026-10-07 06:54:42
6771/2COL,45,"6771/2COL OBRAZEK ANIOŁEK 11x9,5 CM",100.49,221.08,2026-10-07 06:54:42
6771/3COL,43,"6771/3COL OBRAZEK ANIOŁEK 15,5x14 CM",65.93,158.23,2026-10-07 06:54:42
6776/2X,76,6776/2X OBRAZEK ŚW. RODZINA 8x12 CM,104.00,228.80,2026-10-07 06:54:42
6776/3,44,6776/3 OBRAZEK ŚW. RODZINA 12x17 CM,164.76,329.52,2026-10-07 06:54:42
6776/5,26,"6776/5 OBRAZ ŚW. RODZINA 14,5x21 CM",231.36,462.72,2026-10-07 06:54:42
6776/7,12,6776/7 OBRAZ ŚW. RODZINA 21x30 CM,433.51,780.32,2026-10-07 06:54:42
6776K/2,35,6776K/2 PANEL ŚW. RODZINA 20x15 CM,73.62,176.69,2026-10-07 06:54:42
6776KP/2,12,6776KP/2 PANEL ŚW. RODZINA 20x15 CM,73.62,176.69,2026-10-07 06:54:42
6776KP/2COL,5,6776KP/2COL PANEL ŚW. RODZINA 20x15 CM,78.29,187.90,2026-10-07 06:54:42
6776OP/2,26,6776OP/2 PANEL ŚWIĘTA RODZINA  10x13 cm,81.80,196.32,2026-10-07 06:54:42
6776OP/2X,34,"6776OP/2X PANEL ŚWIĘTA RODZINA 15x17,5    cm",115.68,254.50,2026-10-07 06:54:42
6776OP/3,74,"6776OP/3 PANEL ŚWIĘTA RODZINA 21x24,5 cm",192.80,385.60,2026-10-07 06:54:42
6776OP/5,128,"6776OP/5 PANEL ŚWIĘTA RODZINA 25,5x31 CM",260.58,469.04,2026-10-07 06:54:42
6776S/2COL,9,6776S/2COL OBRAZEK ŚW. RODZINA 6x9 CM,33.95,88.27,2026-10-07 06:54:42
6776S/2X,194,6776S/2X OBRAZEK ŚW. RODZINA 8x12 CM,104.00,228.80,2026-10-07 06:54:42
6776S/3,52,6776S/3 OBRAZEK ŚW. RODZINA 12x17 CM,164.76,329.52,2026-10-07 06:54:42
6776S/5,54,"6776S/5 OBRAZ ŚW. RODZINA 14,5x21 CM",231.36,462.72,2026-10-07 06:54:42
6776S/7,12,6776S/7 OBRAZ ŚW. RODZINA 21x30 CM,433.51,780.32,2026-10-07 06:54:42
6776SFP/2X,26,6776SFP/2X PANEL ŚW. RODZINA 21x23 CM,197.48,394.96,2026-10-07 06:54:42
6776SW/2X,20,"6776SW/2X PANEL ŚWIĘTA RODZINA 10,5x14    CM",113.34,249.35,2026-10-07 06:54:42
6776SW/3,26,6776SW/3 PANEL ŚWIĘTA RODZINA 15x20 CM,181.12,362.24,2026-10-07 06:54:42
6777/1COL,80,6777/1COL OBRAZEK ANIOŁEK 8x7 CM,39.36,102.34,2026-10-07 06:54:42
6777/1W,60,6777/1W OBRAZEK ANIOŁEK 10x9 CM,73.62,176.69,2026-10-07 06:54:42
6777/2,38,"6777/2 OBRAZEK ANIOŁEK 11x9,5 CM",93.48,224.35,2026-10-07 06:54:42
6777/2COL,151,"6777/2COL OBRAZEK ANIOŁEK 11x9,5 CM",100.49,221.08,2026-10-07 06:54:42
6777/2RCOL,0,"6777/2RCOL OBRAZEK ANIOŁEK 11x9,5 CM",100.49,221.08,2026-10-07 06:54:42
6777/3,58,"6777/3 OBRAZEK ANIOŁEK 15,5x14 CM",146.06,321.33,2026-10-07 06:54:42
6777/3COL,62,"6777/3COL OBRAZEK ANIOŁEK 15,5x14 CM",156.58,313.16,2026-10-07 06:54:42
6777/3RCOL,19,"6777/3RCOL OBRAZEK ANIOŁEK 15,5x14 CM",156.58,313.16,2026-10-07 06:54:42
6777OP/1,137,"6777OP/1 PANEL ANIOŁEK 11,5x10,5 CM",74.78,179.47,2026-10-07 06:54:42
6777OP/2,28,6777OP/2 PANEL ANIOŁEK 16x15 CM,104.00,228.80,2026-10-07 06:54:42
6777PN/1,44,6777PN/1 PANEL ANIOŁEK 10x15 CM,77.12,185.09,2026-10-07 06:54:42
6777W/1,70,"6777W/1 PANEL ANIOŁEK 11x10,5 CM",74.78,179.47,2026-10-07 06:54:42
6777W/2,39,6777W/2 PANEL ANIOŁEK 16x15 CM,104.00,228.80,2026-10-07 06:54:42
6777W/3,12,"6777W/3 PANEL ANIOŁEK 21x19,5 CM",164.76,329.52,2026-10-07 06:54:42
6778/1,36,6778/1 OBRAZEK ANIOŁEK 5x8 CM,64.27,154.25,2026-10-07 06:54:42
6778/2,21,6778/2 OBRAZEK ANIOŁEK 6x9 CM,73.62,176.69,2026-10-07 06:54:42
6778/2X,14,6778/2X OBRAZEK ANIOŁEK 9x13 CM,114.51,251.92,2026-10-07 06:54:42
6778/3,42,6778/3 OBRAZEK ANIOŁEK 13x18 CM,178.78,357.56,2026-10-07 06:54:42
6778K/1,9,6778K/1 PANEL ANIOŁEK Z LATARENKĄ 18x13   CM,68.94,165.46,2026-10-07 06:54:42
6778PN/2,0,"6778PN/2 PANEL ANIOŁEK 21,5x16 CM",125.03,275.07,2026-10-07 06:54:42
6779/2,136,6779/2 OBRAZEK ANIOŁEK 6x9 CM,31.00,80.60,2026-10-07 06:54:42
6779/2X,20,6779/2X OBRAZEK ANIOŁEK 9x13 CM,48.22,125.37,2026-10-07 06:54:42
6779/3,79,6779/3 OBRAZEK ANIOŁEK 13x18 CM,75.28,180.67,2026-10-07 06:54:42
6779W/2X,25,6779W/2X PANEL ANIOŁEK 11x15 CM,53.63,128.71,2026-10-07 06:54:42
6780/1,18,6780/1 OBRAZEK ANIOŁEK 5x10 CM,30.50,79.30,2026-10-07 06:54:42
6780/1COL,32,6780/1COL OBRAZEK ANIOŁEK 5x10 CM,32.47,84.42,2026-10-07 06:54:42
6780/2,72,6780/2 OBRAZEK ANIOŁEK 7x14 CM,42.31,110.01,2026-10-07 06:54:42
6780/2COL,52,6780/2COL OBRAZEK ANIOŁEK 7x14 CM,44.77,116.40,2026-10-07 06:54:42
6780/2X,76,6780/2X OBRAZEK ANIOŁEK 10x20 CM,69.86,167.66,2026-10-07 06:54:42
6780/2XCOL,63,6780/2XCOL OBRAZEK ANIOŁEK 10x20 CM,74.78,179.47,2026-10-07 06:54:42
6780W/2,26,"6780W/2 PANEL ANIOŁEK 8,5x15 CM",45.26,117.68,2026-10-07 06:54:42
6781W/2,4,"6781W/2 PANEL ANIOŁEK 15x8,5 CM",107.50,236.50,2026-10-07 06:54:42
6782/2,21,6782/2 OBRAZEK ANIOŁEK 7x14 CM,42.31,110.01,2026-10-07 06:54:42
6782/2C,23,6782/2C OBRAZEK ANIOŁEK 7x14 CM,44.77,116.40,2026-10-07 06:54:42
6782/2RA,10,6782/2RA OBRAZEK ANIOŁEK 7x14 CM,44.77,116.40,2026-10-07 06:54:42
6782/2X,12,6782/2X OBRAZEK ANIOŁEK 10x20 CM,69.86,167.66,2026-10-07 06:54:42
6782/2XC,14,6782/2XC OBRAZEK ANIOŁEK 10x20 CM,74.78,179.47,2026-10-07 06:54:42
6782/2XRA,3,6782/2XRA OBRAZEK ANIOŁEK 10x20 CM,74.78,179.47,2026-10-07 06:54:42
6782W/2,25,"6782W/2 PANEL ANIOŁEK 8,5x15 CM",45.26,117.68,2026-10-07 06:54:42
6784K/1,17,6784K/1 PANEL ANIOŁEK Z LATARENKĄ 18x13   CM,58.43,140.23,2026-10-07 06:54:42
6784OP/1,40,6784OP/1 PANEL ANIOŁEK 10x13 CM,81.80,196.32,2026-10-07 06:54:42
6784OP/2,23,"6784OP/2 PANEL ANIOŁEK 15x17,5 CM",115.68,254.50,2026-10-07 06:54:42
6784S/1,0,"6784S/1 OBRAZEK ANIOŁEK 5,2x8 CM",27.06,70.36,2026-10-07 06:54:42
6784S/2,59,6784S/2 OBRAZEK ANIOŁEK 6x9 CM,75.95,182.28,2026-10-07 06:54:42
6784S/2COL,99,6784S/2COL OBRAZEK ANIOŁEK 6x9 CM,33.95,88.27,2026-10-07 06:54:42
6784S/2X,40,6784S/2X OBRAZEK ANIOŁEK 8x12 CM,104.00,228.80,2026-10-07 06:54:42
6784S/3,28,6784S/3 OBRAZEK ANIOŁEK 12x17 CM,164.76,329.52,2026-10-07 06:54:42
6784S/3COL,105,6784S/3COL OBRAZEK ANIOŁEK 12x17 CM,74.29,178.30,2026-10-07 06:54:42
6784S/5,7,"6784S/5 OBRAZ ANIOŁEK 14,5x21 CM",231.36,462.72,2026-10-07 06:54:42
6784SW/2,18,6784SW/2 PANEL ANIOŁEK 8x11 CM,80.63,193.51,2026-10-07 06:54:42
6784SW/2X,9,"6784SW/2X PANEL ANIOŁEK 10,5x14 CM",113.34,249.35,2026-10-07 06:54:42
6784SW/3,6,6784SW/3 PANEL ANIOŁEK 15x20 CM,181.12,362.24,2026-10-07 06:54:42
6785/0,55,"6785/0 OBRAZEK ANIOŁ NA KŁADCE 4,5x9 CM",64.27,154.25,2026-10-07 06:54:42
6785/2,42,6785/2 OBRAZEK ANIOŁ NA KŁADCE 7x14 CM,100.49,221.08,2026-10-07 06:54:42
6785/2COL,0,6785/2COL OBRAZEK ANIOŁ NA KŁADCE 7x14    CM,106.33,233.93,2026-10-07 06:54:42
6785/2X,17,6785/2X OBRAZEK ANIOŁ NA KŁADCE 10x20 CM,165.93,331.86,2026-10-07 06:54:42
6785/2XCOL,97,6785/2XCOL OBRAZEK ANIOŁ NA KŁADCE 10x20  CM,177.61,355.22,2026-10-07 06:54:42
6785W/2,13,"6785W/2 PANEL ANIOŁ NA KŁADCE 8,5x15 CM",107.50,236.50,2026-10-07 06:54:42
6787/1,16,6787/1 OBRAZEK ANIOŁEK 5x10 CM,30.50,79.30,2026-10-07 06:54:42
6787/1COL,19,6787/1COL OBRAZEK ANIOŁEK 5x10 CM,32.47,84.42,2026-10-07 06:54:42
6787/2COL,24,6787/2COL OBRAZEK ANIOŁEK 7x14 CM,44.77,116.40,2026-10-07 06:54:42
6787/2X,28,6787/2X OBRAZEK ANIOŁEK 10x20 CM,69.87,167.69,2026-10-07 06:54:42
6787/2XCOL,37,6787/2XCOL OBRAZEK ANIOŁEK 10x20 CM,74.78,179.47,2026-10-07 06:54:42
6787W/2,6,"6787W/2 PANEL ANIOŁEK 8,5x15 CM",45.26,117.68,2026-10-07 06:54:42
6790S/1COL,1,6790S/1COL OBRAZEK ANIOŁKI 7x7 CM,28.04,72.90,2026-10-07 06:54:42
6791/2X,14,6791/2X OBRAZEK JAN PAWEŁ II 10x20 CM,69.86,167.66,2026-10-07 06:54:42
6791/3,25,6791/3 OBRAZEK JAN PAWEŁ II 15x30 CM,135.30,297.66,2026-10-07 06:54:42
6791/5,4,"6791/5 OBRAZ JAN PAWEŁ II 18,5x36 CM",196.80,393.60,2026-10-07 06:54:42
6791FP/2X,27,6791FP/2X PANEL JAN PAWEŁ II 22x25 CM,84.13,201.91,2026-10-07 06:54:42
6791FP/3,27,6791FP/3 PANEL JAN PAWEŁ II 33x38 CM,165.31,330.62,2026-10-07 06:54:42
6791FP/5,21,6791FP/5 PANEL JAN PAWEŁ II 38x44 CM,237.64,475.28,2026-10-07 06:54:42
6791W/2X,15,6791W/2X PANEL JAN PAWEŁ II 16x25 CM,79.70,191.28,2026-10-07 06:54:42
6791W/3,26,"6791W/3 PANEL JAN PAWEŁ II 24x37,5 CM",157.44,314.88,2026-10-07 06:54:42
6791W/5,22,"6791W/5 PANEL JAN PAWEŁ II 29x45,5 CM",230.26,460.52,2026-10-07 06:54:42
6793/2A,68,6793/2A OBRAZEK PAMIĄTKA I KOMUNII ŚW.    6x9 CM,75.95,182.28,2026-10-07 06:54:42
6793/2ACOL,1,6793/2ACOL OBRAZEK PAMIĄTKA I KOMUNII     ŚW. 6x9 CM,42.44,110.34,2026-10-07 06:54:42
6793/2O,43,6793/2O OBRAZEK PAMIĄTKA I KOMUNII ŚW.    6x9 CM,75.95,182.28,2026-10-07 06:54:42
6793/2OCOL,8,6793/2OCOL OBRAZEK PAMIĄTKA I KOMUNII     ŚW. 6x9 CM,42.44,110.34,2026-10-07 06:54:42
6793/2XA,63,6793/2XA OBRAZEK PAMIĄTKA I KOMUNII ŚW.   8x12 CM,104.00,228.80,2026-10-07 06:54:42
6793/2XACOL,2,6793/2XACOL OBRAZEK PAMIĄTKA I KOMUNII    ŚW. 8x12 CM,59.04,141.70,2026-10-07 06:54:42
6793/2XO,108,6793/2XO OBRAZEK PAMIĄTKA I KOMUNII ŚW.   8x12 CM,104.00,228.80,2026-10-07 06:54:42
6793/2XOCOL,1,6793/2XOCOL OBRAZEK PAMIĄTKA I KOMUNII    ŚW. 8x12 CM,59.04,141.70,2026-10-07 06:54:42
6793/3A,68,6793/3A OBRAZEK PAMIĄTKA I KOMUNII ŚW.    12x17 CM,164.76,329.52,2026-10-07 06:54:42
6793/3ACOL,1,6793/3ACOL OBRAZEK PAMIĄTKA I KOMUNII     ŚW. 12x17 CM,92.87,222.89,2026-10-07 06:54:42
6793/3O,64,6793/3O OBRAZEK PAMIĄTKA I KOMUNII ŚW.    12x17 CM,164.76,329.52,2026-10-07 06:54:42
6793/3OCOL,30,6793/3OCOL OBRAZEK PAMIĄTKA I KOMUNII     ŚW. 12x17 CM,92.87,222.89,2026-10-07 06:54:42
6793/5A,1,"6793/5A OBRAZ PAMIĄTKA I KOMUNII ŚW.  14,5x21 CM",121.77,267.89,2026-10-07 06:54:42
6793K/1A,81,6793K/1A PANEL PAMIĄTKA I KOMUNII ŚW.     18x13 CM,71.28,171.07,2026-10-07 06:54:42
6793K/1O,56,6793K/1O PANEL PAMIĄTKA I KOMUNII ŚW.     18x13 CM,71.28,171.07,2026-10-07 06:54:42
6793OP/1A,170,6793OP/1A PANEL PAMIĄTKA I KOMUNII ŚW.    10x13 CM,84.13,201.91,2026-10-07 06:54:42
6793OP/1O,115,6793OP/1O PANEL PAMIĄTKA I KOMUNII ŚW.    10x13 CM,84.13,201.91,2026-10-07 06:54:42
6793OP/2A,106,"6793OP/2A PANEL PAMIĄTKA I KOMUNII ŚW.    15x17,5 CM",119.19,262.22,2026-10-07 06:54:42
6793OP/2O,89,"6793OP/2O PANEL PAMIĄTKA I KOMUNII ŚW.    15x17,5 CM",119.19,262.22,2026-10-07 06:54:42
6793W/2A,85,6793W/2A PANEL PAMIĄTKA I KOMUNII ŚW.     8x11 CM,80.63,193.51,2026-10-07 06:54:42
6793W/2O,95,6793W/2O PANEL PAMIĄTKA I KOMUNII ŚW.     8x11 CM,80.63,193.51,2026-10-07 06:54:42
6793W/2XA,66,"6793W/2XA PANEL PAMIĄTKA I KOMUNII ŚW.    10,5x14 CM",113.34,249.35,2026-10-07 06:54:42
6793W/2XO,65,"6793W/2XO PANEL PAMIĄTKA I KOMUNII ŚW.    10,5x14 CM",113.34,249.35,2026-10-07 06:54:42
6793W/3O,1,6793W/3O PANEL PAMIĄTKA I KOMUNII ŚW.  15x20 CM,95.33,228.79,2026-10-07 06:54:42
6795/2A,82,6795/2A OBRAZEK PAMIĄTKA I KOMUNII ŚW.    6x9 CM,73.62,176.69,2026-10-07 06:54:42
6795/2ACOL,33,6795/2ACOL OBRAZEK PAMIĄTKA I KOMUNII     ŚW. 6x9 CM,41.21,107.15,2026-10-07 06:54:42
6795/2O,61,6795/2O OBRAZEK PAMIĄTKA I KOMUNII ŚW.    6x9 CM,73.62,176.69,2026-10-07 06:54:42
6795/2OCOL,12,6795/2OCOL OBRAZEK PAMIĄTKA I KOMUNII     ŚW. 6x9 CM,41.21,107.15,2026-10-07 06:54:42
6795/2XA,110,6795/2XA OBRAZEK PAMIĄTKA I KOMUNII ŚW.  9x13 CM,114.51,251.92,2026-10-07 06:54:42
6795/2XACOL,67,6795/2XACOL OBRAZEK PAMIĄTKA I KOMUNII    ŚW. 9x13 CM,122.69,269.92,2026-10-07 06:54:42
6795/2XO,56,6795/2XO OBRAZEK PAMIĄTKA I KOMUNII ŚW.  9x13 CM,114.51,251.92,2026-10-07 06:54:42
6795/2XOCOL,66,6795/2XOCOL OBRAZEK PAMIĄTKA I KOMUNII    ŚW. 9x13 CM,122.69,269.92,2026-10-07 06:54:42
6795/3A,44,6795/3A OBRAZEK PAMIĄTKA I KOMUNII ŚW.    13x18 CM,178.78,357.56,2026-10-07 06:54:42
6795/3ACOL,33,6795/3ACOL OBRAZEK PAMIĄTKA I KOMUNII     ŚW. 13x18 CM,191.63,383.26,2026-10-07 06:54:42
6795/3O,51,6795/3O OBRAZEK PAMIĄTKA I KOMUNII ŚW.    13x18 CM,178.78,357.56,2026-10-07 06:54:42
6795/3OCOL,28,6795/3OCOL OBRAZEK PAMIĄTKA I KOMUNII     ŚW. 13x18 CM,191.63,383.26,2026-10-07 06:54:42
6795K/2A,144,6795K/2A PANEL PAMIĄTKA I KOMUNII ŚW.     18x13 CM,68.94,165.46,2026-10-07 06:54:42
6795K/2O,131,6795K/2O PANEL PAMIĄTKA I KOMUNII ŚW.     18x13 CM,68.94,165.46,2026-10-07 06:54:42
6797/2A,30,6797/2A OBRAZEK PAMIĄTKA I KOMUNII ŚW.  8x8 CM,42.44,110.34,2026-10-07 06:54:42
6797/2ACOL,31,6797/2ACOL OBRAZEK PAMIĄTKA I KOMUNII     ŚW. 8x8 CM,45.51,118.33,2026-10-07 06:54:42
6797/2O,101,6797/2O OBRAZEK PAMIĄTKA I KOMUNII ŚW.  8x8 CM,42.44,110.34,2026-10-07 06:54:42
6797/2OCOL,33,6797/2OCOL OBRAZEK PAMIĄTKA I KOMUNII     ŚW. 8x8 CM,45.51,118.33,2026-10-07 06:54:42
6797/2XA,99,6797/2XA OBRAZEK PAMIĄTKA I KOMUNII ŚW.  12x12 CM,130.87,287.91,2026-10-07 06:54:42
6797/2XO,108,6797/2XO OBRAZEK PAMIĄTKA I KOMUNII ŚW.  12x12 CM,130.87,287.91,2026-10-07 06:54:42
6797/3A,41,6797/3A OBRAZEK PAMIĄTKA I KOMUNII ŚW.  16x16 CM,200.98,401.96,2026-10-07 06:54:42
6797/3ACOL,1,6797/3ACOL OBRAZEK PAMIĄTKA I KOMUNII     ŚW. 16x16 CM,113.16,248.95,2026-10-07 06:54:42
6797/3O,41,6797/3O OBRAZEK PAMIĄTKA I KOMUNII ŚW.  16x16 CM,200.98,401.96,2026-10-07 06:54:42
6797/3OCOL,1,6797/3OCOL OBRAZEK PAMIĄTKA I KOMUNII     ŚW. 16x16 CM,113.16,248.95,2026-10-07 06:54:42
6797OP/2A,103,6797OP/2A PANEL PAMIĄTKA I KOMUNII ŚW.    12x12 CM,88.81,213.14,2026-10-07 06:54:42
6797OP/2O,103,6797OP/2O PANEL PAMIĄTKA I KOMUNII ŚW.    12x12 CM,88.81,213.14,2026-10-07 06:54:42
6797OP/2XA,54,"6797OP/2XA PANEL PAMIĄTKA I KOMUNII ŚW.   17,5x17,5 CM",147.23,323.91,2026-10-07 06:54:42
6797OP/2XO,47,"6797OP/2XO PANEL PAMIĄTKA I KOMUNII ŚW.   17,5x17,5 CM",147.23,323.91,2026-10-07 06:54:42
6797PN/2A,141,6797PN/2A PANEL PAMIĄTKA I KOMUNII ŚW.    10x15 CM,89.97,215.93,2026-10-07 06:54:42
6797PN/2O,158,6797PN/2O PANEL PAMIĄTKA I KOMUNII ŚW.    10x15 CM,89.97,215.93,2026-10-07 06:54:42
6797PN/2XA,29,6797PN/2XA PANEL PAMIĄTKA I KOMUNII ŚW.   15x21 CM,151.91,303.82,2026-10-07 06:54:42
6797PN/2XO,29,6797PN/2XO PANEL PAMIĄTKA I KOMUNII ŚW.   15x21 CM,151.91,303.82,2026-10-07 06:54:42
6800/1A,496,6800/1A OBRAZEK PAMIĄTKA I KOMUNII ŚW.    8x7 CM,68.94,165.46,2026-10-07 06:54:42
6800/1ACOL,54,6800/1ACOL OBRAZEK PAMIĄTKA I KOMUNII     ŚW. 8x7 CM,39.36,102.34,2026-10-07 06:54:42
6800/1AW,332,6800/1AW OBRAZEK PAMIĄTKA I KOMUNII ŚW.   10x9 CM,73.62,176.69,2026-10-07 06:54:42
6800/1AWCOL,167,6800/1AWCOL OBRAZEK PAMIĄTKA I KOMUNII    ŚW. 10x9 CM,41.21,107.15,2026-10-07 06:54:42
6800/1O,372,6800/1O OBRAZEK PAMIĄTKA I KOMUNII ŚW.    8x7 CM,68.94,165.46,2026-10-07 06:54:42
6800/1OCOL,88,6800/1OCOL OBRAZEK PAMIĄTKA I KOMUNII     ŚW. 8x7 CM,39.36,102.34,2026-10-07 06:54:42
6800/1OW,477,6800/1OW OBRAZEK PAMIĄTKA I KOMUNII ŚW.   10x9 CM,73.62,176.69,2026-10-07 06:54:42
6800/1OWCOL,278,6800/1OWCOL OBRAZEK PAMIĄTKA I KOMUNII    ŚW. 10x9 CM,41.21,107.15,2026-10-07 06:54:42
6800/2A,82,"6800/2A OBRAZEK PAMIĄTKA I KOMUNII ŚW.    11x9,5 CM",93.48,224.35,2026-10-07 06:54:42
6800/2ACOL,3,"6800/2ACOL OBRAZEK PAMIĄTKA I KOMUNII     ŚW. 11x9,5 CM",52.89,126.94,2026-10-07 06:54:42
6800/2AW,113,6800/2AW OBRAZEK PAMIĄTKA I KOMUNII ŚW.   14x12 CM,100.49,221.08,2026-10-07 06:54:42
6800/2AWCOL,4,6800/2AWCOL OBRAZEK PAMIĄTKA I KOMUNII    ŚW. 14x12 CM,55.97,134.33,2026-10-07 06:54:42
6800/2O,116,"6800/2O OBRAZEK PAMIĄTKA I KOMUNII ŚW.    11x9,5 CM",93.48,224.35,2026-10-07 06:54:42
6800/2OCOL,47,"6800/2OCOL OBRAZEK PAMIĄTKA I KOMUNII     ŚW. 11x9,5 CM",52.89,126.94,2026-10-07 06:54:42
6800/2OW,172,6800/2OW OBRAZEK PAMIĄTKA I KOMUNII ŚW.   14x12 CM,100.49,221.08,2026-10-07 06:54:42
6800/2OWCOL,69,6800/2OWCOL OBRAZEK PAMIĄTKA I KOMUNII    ŚW. 14x12 CM,55.97,134.33,2026-10-07 06:54:42
6800/3A,102,"6800/3A OBRAZEK PAMIĄTKA I KOMUNII ŚW.    15,5x14 CM",146.06,321.33,2026-10-07 06:54:42
6800/3AW,63,6800/3AW OBRAZEK PAMIĄTKA I KOMUNII ŚW.   19x18 CM,161.25,322.50,2026-10-07 06:54:42
6800/3O,103,"6800/3O OBRAZEK PAMIĄTKA I KOMUNII ŚW.    15,5x14 CM",146.06,321.33,2026-10-07 06:54:42
6800/3OCOL,23,"6800/3OCOL OBRAZEK PAMIĄTKA I KOMUNII     ŚW. 15,5x14 CM",82.41,197.78,2026-10-07 06:54:42
6800/3OW,39,6800/3OW OBRAZEK PAMIĄTKA I KOMUNII ŚW.   19x18 CM,161.25,322.50,2026-10-07 06:54:42
6801/2X,18,6801/2X OBRAZEK ŚW. RODZINA 12x17 CM,168.26,336.52,2026-10-07 06:54:42
6801/3,11,6801/3 OBRAZEK ŚW. RODZINA 17x23 CM,285.11,513.20,2026-10-07 06:54:42
6801/5,27,6801/5 OBRAZ ŚW. RODZINA 23x32 CM,500.12,900.22,2026-10-07 06:54:42
6801/7,15,6801/7 OBRAZ ŚW. RODZINA 30x41 CM,807.43,1453.37,2026-10-07 06:54:42
6801K/2,0,6801K/2 PANEL ŚW. RODZINA 20x15 CM,55.35,132.84,2026-10-07 06:54:42
6801KP/2,10,6801KP/2 PANEL ŚW. RODZINA 20x15 CM,105.17,231.37,2026-10-07 06:54:42
6802/1,50,6802/1 OBRAZEK PAMIĄTKA I KOMUNII ŚW.  5x10 CM,72.45,173.88,2026-10-07 06:54:42
6802/2,50,6802/2 OBRAZEK PAMIĄTKA I KOMUNII ŚW.     7x14CM,100.49,221.08,2026-10-07 06:54:42
6802/2X,19,6802/2X OBRAZEK PAMIĄTKA I KOMUNII ŚW.  10x20 CM,87.33,209.59,2026-10-07 06:54:42
6802FO/2X,4,"6802FO/2X PANEL PAMIĄTKA I KOMUNII ŚW.    17,5x23,5 CM",63.96,153.50,2026-10-07 06:54:42
6802FP/2,2,6802FP/2 PANEL PAMIĄTKA I KOMUNII ŚW.     16x18 CM,62.73,150.55,2026-10-07 06:54:42
6802OP/2,99,"6802OP/2 PANEL PAMIĄTKA I KOMUNII ŚW.     9,5x13 CM",79.46,190.70,2026-10-07 06:54:42
6802OP/2X,1,6802OP/2X PANEL PAMIĄTKA I KOMUNII ŚW.    13x18 CM,113.34,249.35,2026-10-07 06:54:42
6802RAM/3XL,125,6802RAM/3XL RAMKA PAMIĄTKA I KOMUNII ŚW.  10x15 CM,49.20,127.92,2026-10-07 06:54:42
6802W/2,58,"6802W/2 OBRAZEK PAMIĄTKA I KOMUNII ŚW.    8,5x15 CM",107.50,236.50,2026-10-07 06:54:42
6803/2,60,6803/2 OBRAZEK PAMIĄTKA I KOMUNII ŚW.     6x9 CM,39.98,103.95,2026-10-07 06:54:42
6803/2X,49,6803/2X OBRAZEK PAMIĄTKA I KOMUNII ŚW.    8x12 CM,54.74,131.38,2026-10-07 06:54:42
6803/3,50,6803/3 OBRAZEK PAMIĄTKA I KOMUNII ŚW.     12x17 CM,86.72,208.13,2026-10-07 06:54:42
6804/2,42,6804/2 OBRAZEK PAMIĄTKA BIERZMOWANIA 6x9  CM,75.95,182.28,2026-10-07 06:54:42
6804/2X,32,6804/2X OBRAZEK PAMIĄTKA BIERZMOWANIA     8x12 CM,104.00,228.80,2026-10-07 06:54:42
6804/3,121,6804/3 OBRAZEK PAMIĄTKA BIERZMOWANIA      12x17 CM,164.76,329.52,2026-10-07 06:54:42
6804RAM/3XL,411,6804RAM/3XL RAMKA PAMIĄTKA BIERZMOWANIA   10x15 CM,49.20,127.92,2026-10-07 06:54:42
6805/1,21,6805/1 OBRAZEK PAMIĄTKA CHRZTU ŚW. 5x10  CM,30.50,79.30,2026-10-07 06:54:42
6805/2,35,6805/2 OBRAZEK PAMIĄTKA CHRZTU ŚW. 7x14   CM,42.31,110.01,2026-10-07 06:54:42
6805/2X,48,6805/2X OBRAZEK PAMIĄTKA CHRZTU ŚW.  10x20 CM,69.86,167.66,2026-10-07 06:54:42
6805FP/2,26,6805FP/2 PANEL PAMIĄTKA CHRZTU ŚW. 16x18  CM,50.18,120.43,2026-10-07 06:54:42
6805RAM/3XL,249,6805RAM/3XL RAMKA PAMIĄTKA CHRZTU ŚW.     10x15 CM,49.20,127.92,2026-10-07 06:54:42
6805W/2,26,"6805W/2 PANEL PAMIĄTKA CHRZTU ŚW. 8,5x15  CM",45.26,117.68,2026-10-07 06:54:42
6806RAM/3XLCOL,64,6806RAM/3XLCOL RAMKA Z ANIOŁKIEM 10x15    CM,55.35,132.84,2026-10-07 06:54:42
6807RAM/3XL,162,6807RAM/3XL RAMKA PAMIĄTKA CHRZTU ŚW.     10x15 CM,49.20,127.92,2026-10-07 06:54:42
6807RAM/3XLCOL,43,6807RAM/3XLCOL RAMKA PAMIĄTKA CHRZTU ŚW.  10x15 CM,55.35,132.84,2026-10-07 06:54:42
6808RAM/3XL,177,6808RAM/3XL RAMKA PAMIĄTKA I KOMUNII ŚW.  10x15 CM,49.20,127.92,2026-10-07 06:54:42
6808RAM/3XLCOL,149,6808RAM/3XLCOL RAMKA PAMIĄTKA I KOMUNII   ŚW. 10x15 CM,55.35,132.84,2026-10-07 06:54:42
6808RAM/4L,91,6808RAM/4L RAMKA PAMIĄTKA I KOMUNII ŚW.   13x18 CM,61.50,147.60,2026-10-07 06:54:42
6808RAM/4LCOL,104,6808RAM/4LCOL RAMKA PAMIĄTKA I KOMUNII    ŚW. 13x18 CM,67.65,162.36,2026-10-07 06:54:42
6809/4COL,10,6809/4COL OBRAZEK ŚW. RODZINA 15x30 CM,145.14,319.31,2026-10-07 06:54:42
6809/5COL,7,6809/5COL OBRAZEK ŚW. RODZINA 18x36 CM,200.24,400.48,2026-10-07 06:54:42
6810/2,25,6810/2 OBRAZEK ŚW. RODZINA 6x12 CM,86.47,207.53,2026-10-07 06:54:42
6810/2COL,16,6810/2COL OBRAZEK ŚW. RODZINA 6x12 CM,92.31,221.54,2026-10-07 06:54:42
6810/2X,41,6810/2X OBRAZEK ŚW. RODZINA 9x18 CM,142.56,313.63,2026-10-07 06:54:42
6810/2XCOL,28,6810/2XCOL OBRAZEK ŚW. RODZINA 9x18 CM,153.07,306.14,2026-10-07 06:54:42
6810/3,20,6810/3 OBRAZEK ŚW. RODZINA 12x24 CM,220.85,441.70,2026-10-07 06:54:42
6810/3COL,22,6810/3COL OBRAZEK ŚW. RODZINA 12x24 CM,236.04,472.08,2026-10-07 06:54:42
6810/4,22,6810/4 OBRAZEK ŚW. RODZINA 15x30 CM,321.34,578.41,2026-10-07 06:54:42
6810/4COL,22,6810/4COL OBRAZEK ŚW. RODZINA 15x30 CM,344.71,620.48,2026-10-07 06:54:42
6810/5,13,6810/5 OBRAZEK ŚW. RODZINA 18x36 CM,445.20,801.36,2026-10-07 06:54:42
6810/5COL,4,6810/5COL OBRAZEK ŚW. RODZINA 18x36 CM,475.58,856.04,2026-10-07 06:54:42
6810K/2,20,6810K/2 PANEL ŚW. RODZINA 20x15 CM,81.80,196.32,2026-10-07 06:54:42
6810KP/2,0,6810KP/2 PANEL ŚW. RODZINA 20x15 CM,81.80,196.32,2026-10-07 06:54:42
6810M/2XA,14,6810M/2XA PANEL ŚW. RODZINA 16x24 CM,164.76,329.52,2026-10-07 06:54:42
6810M/3A,8,6810M/3A PANEL ŚW. RODZINA 21x31 CM,258.24,464.83,2026-10-07 06:54:42
6810M/4A,11,6810M/4A PANEL ŚW. RODZINA 25x38 CM,373.92,673.06,2026-10-07 06:54:42
6810M/5A,1,6810M/5A PANEL ŚW. RODZINA 31x46 CM,526.99,948.58,2026-10-07 06:54:42
6810P/2XA,24,6810P/2XA PANEL ŚW. RODZINA 16x24 CM,164.76,329.52,2026-10-07 06:54:42
6810P/3A,6,6810P/3A PANEL ŚW. RODZINA 21x31 CM,258.24,464.83,2026-10-07 06:54:42
6810P/4A,3,6810P/4A PANEL ŚW. RODZINA 25x38 CM,373.92,673.06,2026-10-07 06:54:42
6810P/5A,3,6810P/5A PANEL ŚW. RODZINA 31x46 CM,526.99,948.58,2026-10-07 06:54:42
6810S/2,34,6810S/2 OBRAZEK ŚW. RODZINA 6x12 CM,86.47,207.53,2026-10-07 06:54:42
6810S/2COL,25,6810S/2COL OBRAZEK ŚW. RODZINA 6x12 CM,92.31,221.54,2026-10-07 06:54:42
6810S/2X,28,6810S/2X OBRAZEK ŚW. RODZINA 9x18 CM,142.56,313.63,2026-10-07 06:54:42
6810S/2XCOL,18,6810S/2XCOL OBRAZEK ŚW. RODZINA 9x18 CM,153.07,306.14,2026-10-07 06:54:42
6810S/3,26,6810S/3 OBRAZEK ŚW. RODZINA 12x24 CM,220.85,441.70,2026-10-07 06:54:42
6810S/3COL,25,6810S/3COL OBRAZEK ŚW. RODZINA 12x24 CM,236.04,472.08,2026-10-07 06:54:42
6810S/4,14,6810S/4 OBRAZEK ŚW. RODZINA 15x30 CM,321.34,578.41,2026-10-07 06:54:42
6810S/4COL,8,6810S/4COL OBRAZEK ŚW. RODZINA 15x30 CM,344.71,620.48,2026-10-07 06:54:42
6810S/5,5,6810S/5 OBRAZEK ŚW. RODZINA 18x36 CM,445.20,801.36,2026-10-07 06:54:42
6810S/5COL,10,6810S/5COL OBRAZEK ŚW. RODZINA 18x36 CM,475.58,856.04,2026-10-07 06:54:42
6810SWP/2X,0,"6810SWP/2X PANEL ŚW. RODZINA 13,5x21 CM",158.92,317.84,2026-10-07 06:54:42
6810SWP/3,4,6810SWP/3 PANEL ŚW. RODZINA 21x33 CM,261.74,471.13,2026-10-07 06:54:42
6810SWP/4,1,"6810SWP/4 PANEL ŚW. RODZINA 24x37,5 CM",373.92,673.06,2026-10-07 06:54:42
6810SWP/5,13,6810SWP/5 PANEL ŚW. RODZINA 29x47 CM,525.83,946.49,2026-10-07 06:54:42
6810UM/2X,13,6810UM/2X PANEL ŚW. RODZINA 21x23 CM,169.43,338.86,2026-10-07 06:54:42
6810UM/3,5,"6810UM/3 PANEL ŚW. RODZINA 28x30,5 CM",269.92,485.86,2026-10-07 06:54:42
6810UM/4,10,6810UM/4 PANEL ŚW. RODZINA 33x38 CM,392.62,706.72,2026-10-07 06:54:42
6810UM/5,4,6810UM/5 PANEL ŚW. RODZINA 38x46 CM,543.35,978.03,2026-10-07 06:54:42
6810UP/2X,29,6810UP/2X PANEL ŚW. RODZINA 21x23 CM,169.43,338.86,2026-10-07 06:54:42
6810UP/3,12,"6810UP/3 PANEL ŚW. RODZINA 28x30,5 CM",269.92,485.86,2026-10-07 06:54:42
6810UP/4,6,6810UP/4 PANEL ŚW. RODZINA 33x38 CM,392.62,706.72,2026-10-07 06:54:42
6810UP/5,6,6810UP/5 PANEL ŚW. RODZINA 38x46 CM,543.35,978.03,2026-10-07 06:54:42
6810WP/2X,32,"6810WP/2X OBRAZEK ŚW. RODZINA 13,5x21 CM",158.92,317.84,2026-10-07 06:54:42
6810WP/3,3,6810WP/3 OBRAZEK ŚW. RODZINA 21x33 CM,261.74,471.13,2026-10-07 06:54:42
6810WP/4,1,"6810WP/4 OBRAZEK ŚW. RODZINA 24x37,5 CM",373.92,673.06,2026-10-07 06:54:42
6810WP/5,5,6810WP/5 OBRAZ ŚW. RODZINA 29x47 CM,525.83,946.49,2026-10-07 06:54:42
6811/1,44,"6811/1 OBRAZEK ŚW. RODZINA 7x6,5 CM",63.10,151.44,2026-10-07 06:54:42
6811/1COL,66,"6811/1COL OBRAZEK ŚW. RODZINA 7x6,5 CM",66.60,159.84,2026-10-07 06:54:42
6811/2,30,6811/2 OBRAZEK ŚW. RODZINA 10x9 CM,84.13,201.91,2026-10-07 06:54:42
6811/2COL,12,6811/2COL OBRAZEK ŚW. RODZINA 10x9 CM,89.97,215.93,2026-10-07 06:54:42
6811/2X,41,"6811/2X OBRAZEK ŚW. RODZINA 14x12,5 CM",123.86,272.49,2026-10-07 06:54:42
6811/2XCOL,10,"6811/2XCOL OBRAZEK ŚW. RODZINA 14x12,5    CM",132.04,290.49,2026-10-07 06:54:42
6811/3,38,6811/3 OBRAZEK ŚW. RODZINA 18x16 CM,179.95,359.90,2026-10-07 06:54:42
6811/3COL,14,6811/3COL OBRAZEK ŚW. RODZINA 18x16 CM,192.80,385.60,2026-10-07 06:54:42
6811/5,24,"6811/5 OBRAZEK ŚW. RODZINA 24x21,5 CM",283.95,511.11,2026-10-07 06:54:42
6811/5COL,14,"6811/5COL OBRAZEK ŚW. RODZINA 24x21,5 CM",303.81,546.86,2026-10-07 06:54:42
6811/7,20,6811/7 OBRAZEK ŚW. RODZINA 30x27 CM,437.02,786.64,2026-10-07 06:54:42
6811/7COL,6,6811/7COL OBRAZEK ŚW. RODZINA 30x27 CM,467.40,841.32,2026-10-07 06:54:42
6811S/1,144,"6811S/1 OBRAZEK ŚW. RODZINA 7x6,5 CM",63.10,151.44,2026-10-07 06:54:42
6811S/1COL,228,"6811S/1COL OBRAZEK ŚW. RODZINA 7x6,5 CM",66.60,159.84,2026-10-07 06:54:42
6811S/2,15,6811S/2 OBRAZEK ŚW. RODZINA 10x9 CM,84.13,201.91,2026-10-07 06:54:42
6811S/2COL,60,6811S/2COL OBRAZEK ŚW. RODZINA 10x9 CM,89.97,215.93,2026-10-07 06:54:42
6811S/2X,7,"6811S/2X OBRAZEK ŚW. RODZINA 14x12,5 CM",123.86,272.49,2026-10-07 06:54:42
6811S/2XCOL,22,"6811S/2XCOL OBRAZEK ŚW. RODZINA 14x12,5   CM",132.04,290.49,2026-10-07 06:54:42
6811S/3,26,6811S/3 OBRAZEK ŚW. RODZINA 18x16 CM,179.95,359.90,2026-10-07 06:54:42
6811S/3COL,39,6811S/3COL OBRAZEK ŚW. RODZINA 18x16 CM,192.80,385.60,2026-10-07 06:54:42
6811S/5,16,"6811S/5 OBRAZEK ŚW. RODZINA 24x21,5 CM",283.95,511.11,2026-10-07 06:54:42
6811S/5COL,12,"6811S/5COL OBRAZEK ŚW. RODZINA 24x21,5    CM",303.81,546.86,2026-10-07 06:54:42
6811S/7,6,6811S/7 OBRAZEK ŚW. RODZINA 30x27 CM,437.02,786.64,2026-10-07 06:54:42
6811S/7COL,19,6811S/7COL OBRAZEK ŚW. RODZINA 30x27 CM,467.40,841.32,2026-10-07 06:54:42
6811W/1,15,"6811W/1 PANEL ŚW. RODZINA 11x10,5 CM",67.77,162.65,2026-10-07 06:54:42
6811W/2,20,6811W/2 PANEL ŚW. RODZINA 16x15 CM,93.48,224.35,2026-10-07 06:54:42
6811W/2X,0,"6811W/2X PANEL ŚW. RODZINA 21x19,5 CM",140.22,308.48,2026-10-07 06:54:42
6811W/3,8,"6811W/3 PANEL ŚW. RODZINA 27,5x25,5 CM",209.16,418.32,2026-10-07 06:54:42
6812/1,6,6812/1 OBRAZEK PAMIĄTKA BIERZMOWANIA 8x7  CM,63.10,151.44,2026-10-07 06:54:42
6812/1COL,21,6812/1COL OBRAZEK PAMIĄTKA BIERZMOWANIA   8x7 CM,67.77,162.65,2026-10-07 06:54:42
6812/2,66,"6812/2 OBRAZEK PAMIĄTKA BIERZMOWANIA      11x9,5 CM",93.48,224.35,2026-10-07 06:54:42
6812/2COL,35,"6812/2COL OBRAZEK PAMIĄTKA BIERZMOWANIA   11x9,5 CM",100.49,221.08,2026-10-07 06:54:42
6812/3,84,"6812/3 OBRAZEK PAMIĄTKA BIERZMOWANIA      15,5x14 CM",146.06,321.33,2026-10-07 06:54:42
6812OP/1,17,"6812OP/1 PANEL PAMIĄTKA BIERZMOWANIA      11,5x10,5 CM",67.77,162.65,2026-10-07 06:54:42
6812OP/2,54,6812OP/2 PANEL PAMIĄTKA BIERZMOWANIA      16x15 CM,104.00,228.80,2026-10-07 06:54:42
6812RAM/3XLA,131,6812RAM/3XLA RAMKA PAMIĄTKA I KOMUNII     ŚW. 10x15 CM,49.20,127.92,2026-10-07 06:54:42
6812RAM/3XLACOL,210,6812RAM/3XLACOL RAMKA PAMIĄTKA I KOMUNII  ŚW. 10x15 CM,55.35,132.84,2026-10-07 06:54:42
6812RAM/3XLO,137,6812RAM/3XLO RAMKA PAMIĄTKA I KOMUNII     ŚW. 10x15 CM,49.20,127.92,2026-10-07 06:54:42
6812RAM/3XLOCOL,180,6812RAM/3XLOCOL RAMKA PAMIĄTKA I KOMUNII  ŚW. 10x15 CM,55.35,132.84,2026-10-07 06:54:42
6812RAM/4LA,61,6812RAM/4LA RAMKA PAMIĄTKA I KOMUNII ŚW.  13x18 CM,61.50,147.60,2026-10-07 06:54:42
6812RAM/4LACOL,74,6812RAM/4LACOL RAMKA PAMIĄTKA I KOMUNII   ŚW. 13x18 CM,67.65,162.36,2026-10-07 06:54:42
6812RAM/4LO,62,6812RAM/4LO RAMKA PAMIĄTKA I KOMUNII ŚW.  13x18 CM,61.50,147.60,2026-10-07 06:54:42
6812RAM/4LOCOL,39,6812RAM/4LOCOL RAMKA PAMIĄTKA I KOMUNII   ŚW. 13x18 CM,67.65,162.36,2026-10-07 06:54:42
6813RAM/3XL,243,6813RAM/3XL RAMKA DZIECIĘCA 10x15 CM,49.20,127.92,2026-10-07 06:54:42
6813RAM/3XLC,254,6813RAM/3XLC RAMKA DZIECIĘCA 10x15 CM,55.35,132.84,2026-10-07 06:54:42
6813RAM/3XLRA,199,6813RAM/3XLRA RAMKA DZIECIĘCA 10x15 CM,55.35,132.84,2026-10-07 06:54:42
6813RAM/4L,184,6813RAM/4L RAMKA DZIECIĘCA 13x18 CM,61.50,147.60,2026-10-07 06:54:42
6813RAM/4LC,198,6813RAM/4LC RAMKA DZIECIĘCA 13x18 CM,67.65,162.36,2026-10-07 06:54:42
6813RAM/4LRA,175,6813RAM/4LRA RAMKA DZIECIĘCA 13x18 CM,67.65,162.36,2026-10-07 06:54:42
6814RAM/3XL,241,6814RAM/3XL RAMKA PAMIĄTKA ŚLUBU 10x15    CM,49.20,127.92,2026-10-07 06:54:42
6814RAM/4L,202,6814RAM/4L RAMKA PAMIĄTKA ŚLUBU 13x18 CM,61.50,147.60,2026-10-07 06:54:42
6814RAM/5L,138,6814RAM/5L RAMKA PAMIĄTKA ŚLUBU 18x24 CM,110.70,243.54,2026-10-07 06:54:42
6815/1,30,6815/1 OBRAZEK ŚW. RODZINA 10x7 CM,84.13,201.91,2026-10-07 06:54:42
6815/1COL,24,6815/1COL OBRAZEK ŚW. RODZINA 10x7 CM,89.97,215.93,2026-10-07 06:54:42
6815/2,3,6815/2 OBRAZEK ŚW. RODZINA 14x10 CM,128.54,282.79,2026-10-07 06:54:42
6815/2COL,18,6815/2COL OBRAZEK ŚW. RODZINA 14x10 CM,137.88,303.34,2026-10-07 06:54:42
6815/3,18,6815/3 OBRAZEK ŚW. RODZINA 21x15 CM,238.37,476.74,2026-10-07 06:54:42
6815/3COL,22,6815/3COL OBRAZEK ŚW. RODZINA 21x15 CM,254.73,458.51,2026-10-07 06:54:42
6815/4,17,"6815/4 OBRAZEK ŚW. RODZINA 30,5x22 CM",452.21,813.98,2026-10-07 06:54:42
6815/4COL,13,"6815/4COL OBRAZEK ŚW. RODZINA 30,5x22 CM",483.76,870.77,2026-10-07 06:54:42
6815/5,17,6815/5 OBRAZEK ŚW. RODZINA 44x32 CM,917.27,1651.09,2026-10-07 06:54:42
6815/5COL,8,6815/5COL OBRAZEK ŚW. RODZINA 44x32 CM,981.54,1766.77,2026-10-07 06:54:42
6815RAM/3XL,117,6815RAM/3XL RAMKA DZIECIĘCA 10x15 CM,49.20,127.92,2026-10-07 06:54:42
6815RAM/3XLCOL,65,6815RAM/3XLCOL RAMKA DZIECIĘCA 10x15 CM,55.35,132.84,2026-10-07 06:54:42
6815RAM/4L,47,6815RAM/4L RAMKA DZIECIĘCA 13x18 CM,61.50,147.60,2026-10-07 06:54:42
6815RAM/4LCOL,23,6815RAM/4LCOL RAMKA DZIECIĘCA 13x18 CM,67.65,162.36,2026-10-07 06:54:42
6816RAM/3XL,143,6816RAM/3XL RAMKA DZIECIĘCA 10x15 CM,49.20,127.92,2026-10-07 06:54:42
6816RAM/3XLC,157,6816RAM/3XLC RAMKA DZIECIĘCA 10x15 CM,55.35,132.84,2026-10-07 06:54:42
6816RAM/3XLR,163,6816RAM/3XLR RAMKA DZIECIĘCA 10x15 CM,55.35,132.84,2026-10-07 06:54:42
6816RAM/4L,80,6816RAM/4L RAMKA DZIECIĘCA 13x18 CM,61.50,147.60,2026-10-07 06:54:42
6816RAM/4LC,75,6816RAM/4LC RAMKA DZIECIĘCA 13x18 CM,67.65,162.36,2026-10-07 06:54:42
6816RAM/4LR,35,6816RAM/4LR RAMKA DZIECIĘCA 13x18 CM,67.65,162.36,2026-10-07 06:54:42
6821/2,25,6821/2 OBRAZEK MATKA BOŻA KARMIĄCA 6x12   CM,86.47,207.53,2026-10-07 06:54:42
6821/2X,53,6821/2X OBRAZEK MATKA BOŻA KARMIĄCA 9x18  CM,142.56,313.63,2026-10-07 06:54:42
6821/3,29,6821/3 OBRAZEK MATKA BOŻA KARMIĄCA 12x24  CM,220.85,441.70,2026-10-07 06:54:42
6821/4,19,6821/4 OBRAZEK MATKA BOŻA KARMIĄCA 15x30  CM,321.34,578.41,2026-10-07 06:54:42
6821/5,0,6821/5 OBRAZEK MATKA BOŻA KARMIĄCA 18x36  CM,445.20,801.36,2026-10-07 06:54:42
6830/0A,71,6830/0A OBRAZEK PAMIĄTKA I KOMUNII ŚW.    4x9 CM,26.08,67.81,2026-10-07 06:54:42
6830/0ACOL,84,6830/0ACOL OBRAZEK PAMIĄTKA I KOMUNII     ŚW. 4x9 CM,27.55,71.63,2026-10-07 06:54:42
6830/0O,82,6830/0O OBRAZEK PAMIĄTKA I KOMUNII ŚW.    4x9 CM,26.08,67.81,2026-10-07 06:54:42
6830/0OCOL,53,6830/0OCOL OBRAZEK PAMIĄTKA I KOMUNII     ŚW. 4x9 CM,27.55,71.63,2026-10-07 06:54:42
6830/1A,57,6830/1A OBRAZEK PAMIĄTKA I KOMUNII ŚW.    5x11 CM,31.98,83.15,2026-10-07 06:54:42
6830/1ACOL,57,6830/1ACOL OBRAZEK PAMIĄTKA I KOMUNII     ŚW. 5x11 CM,33.95,88.27,2026-10-07 06:54:42
6830/1O,51,6830/1O OBRAZEK PAMIĄTKA I KOMUNII ŚW.    5x11 CM,31.98,83.15,2026-10-07 06:54:42
6830/1OCOL,40,6830/1OCOL OBRAZEK PAMIĄTKA I KOMUNII     ŚW. 5x11 CM,33.95,88.27,2026-10-07 06:54:42
6830/2A,93,6830/2A OBRAZEK PAMIĄTKA I KOMUNII ŚW.    6x14 CM,38.87,101.06,2026-10-07 06:54:42
6830/2ACOL,68,6830/2ACOL OBRAZEK PAMIĄTKA I KOMUNII     ŚW. 6x14 CM,41.82,108.73,2026-10-07 06:54:42
6830/2O,102,6830/2O OBRAZEK PAMIĄTKA I KOMUNII ŚW.    6x14 CM,38.87,101.06,2026-10-07 06:54:42
6830/2OCOL,66,6830/2OCOL OBRAZEK PAMIĄTKA I KOMUNII     ŚW. 6x14 CM,41.82,108.73,2026-10-07 06:54:42
6830/2XA,28,6830/2XA OBRAZEK PAMIĄTKA I KOMUNII ŚW.   7x16 CM,46.25,120.25,2026-10-07 06:54:42
6830/2XACOL,14,6830/2XACOL OBRAZEK PAMIĄTKA I KOMUNII    ŚW. 7x16 CM,49.20,127.92,2026-10-07 06:54:42
6830/2XO,35,6830/2XO OBRAZEK PAMIĄTKA I KOMUNII ŚW.   7x16 CM,46.25,120.25,2026-10-07 06:54:42
6830/2XOCOL,14,6830/2XOCOL OBRAZEK PAMIĄTKA I KOMUNII    ŚW. 7x16 CM,49.20,127.92,2026-10-07 06:54:42
6830/3A,46,"6830/3A OBRAZEK PAMIĄTKA I KOMUNII ŚW.    8,5x19,5 CM",59.53,142.87,2026-10-07 06:54:42
6830/3O,43,"6830/3O OBRAZEK PAMIĄTKA I KOMUNII ŚW.    8,5x19,5 CM",59.53,142.87,2026-10-07 06:54:42
6830ALB/2A,60,6830ALB/2A ALBUM PAMIĄTKA I KOMUNII ŚW.   20x25 CM,91.64,219.94,2026-10-07 06:54:42
6830ALB/2O,57,6830ALB/2O ALBUM PAMIĄTKA I KOMUNII ŚW.   20x25 CM,91.64,219.94,2026-10-07 06:54:42
6832/2,20,6832/2 OBRAZEK ANIOŁEK 8x8 CM,75.95,182.28,2026-10-07 06:54:42
6832/2COL,75,6832/2COL OBRAZEK ANIOŁEK 8x8 CM,80.63,193.51,2026-10-07 06:54:42
6832/2X,221,6832/2X OBRAZEK ANIOŁEK 12x12 CM,123.86,272.49,2026-10-07 06:54:42
6832/2XCOL,32,6832/2XCOL OBRAZEK ANIOŁEK 12x12 CM,132.04,290.49,2026-10-07 06:54:42
6832/3X,37,6832/3X OBRAZEK ANIOŁEK 18x18 CM,231.36,462.72,2026-10-07 06:54:42
6832/3XCOL,38,6832/3XCOL OBRAZEK ANIOŁEK 18x18 CM,247.72,495.44,2026-10-07 06:54:42
6832W/2,37,6832W/2 PANEL ANIOŁEK 12x12 CM,88.81,213.14,2026-10-07 06:54:42
6832W/2X,47,6832W/2X PANEL ANIOŁEK 17x17 CM,146.06,321.33,2026-10-07 06:54:42
6833/1,49,6833/1 OBRAZEK PAMIĄTKA I KOMUNII ŚW.     6x7 CM,60.76,145.82,2026-10-07 06:54:42
6833/1COL,70,6833/1COL OBRAZEK PAMIĄTKA I KOMUNII ŚW.  6x7 CM,64.27,154.25,2026-10-07 06:54:42
6833/2,66,6833/2 OBRAZEK PAMIĄTKA I KOMUNII ŚW.     9x11 CM,87.64,210.34,2026-10-07 06:54:42
6833/2COL,49,6833/2COL OBRAZEK PAMIĄTKA I KOMUNII ŚW.  9x11 CM,93.48,224.35,2026-10-07 06:54:42
6833/2X,98,6833/2X OBRAZEK PAMIĄTKA I KOMUNII ŚW.    12x14 CM,120.36,264.79,2026-10-07 06:54:42
6833/2XCOL,63,6833/2XCOL OBRAZEK PAMIĄTKA I KOMUNII     ŚW. 12x14 CM,129.70,285.34,2026-10-07 06:54:42
6835/1,48,6835/1 OBRAZEK ANIOŁEK 10x6 CM,74.78,179.47,2026-10-07 06:54:42
6835/1COL,37,6835/1COL OBRAZEK ANIOŁEK 10x6 CM,79.46,190.70,2026-10-07 06:54:42
6835/2,36,6835/2 OBRAZEK ANIOŁEK 15x9 CM,125.03,275.07,2026-10-07 06:54:42
6835/2COL,57,6835/2COL OBRAZEK ANIOŁEK 15x9 CM,133.21,293.06,2026-10-07 06:54:42
6835W/1,0,"6835W/1 PANEL ANIOŁEK 13,5x9 CM",92.31,221.54,2026-10-07 06:54:42
6835W/2,0,"6835W/2 PANEL ANIOŁEK 17,5x11,5 CM",127.37,280.21,2026-10-07 06:54:42
6838RAM/3XL,156,6838RAM/3XL RAMKA PAMIĄTKA I KOMUNII ŚW.  10x15 CM,49.20,127.92,2026-10-07 06:54:42
6838RAM/3XLCOL,38,6838RAM/3XLCOL RAMKA PAMIĄTKA I KOMUNII   ŚW. 10x15 CM,55.35,132.84,2026-10-07 06:54:42
6838RAM/4L,98,6838RAM/4L RAMKA PAMIĄTKA I KOMUNII ŚW.   13x18 CM,61.50,147.60,2026-10-07 06:54:42
6838RAM/4LCOL,29,6838RAM/4LCOL RAMKA PAMIĄTKA I KOMUNII    ŚW. 13x18 CM,67.65,162.36,2026-10-07 06:54:42
6839RAM/3XL,69,6839RAM/3XL RAMKA PAMIĄTKA I KOMUNII ŚW.  10x15 CM,49.20,127.92,2026-10-07 06:54:42
6839RAM/3XLCOL,103,6839RAM/3XLCOL RAMKA PAMIĄTKA I KOMUNII   ŚW. 10x15 CM,55.35,132.84,2026-10-07 06:54:42
6839RAM/4L,82,6839RAM/4L RAMKA PAMIĄTKA I KOMUNII ŚW.   13x18 CM,61.50,147.60,2026-10-07 06:54:42
6839RAM/4LCOL,40,6839RAM/4LCOL RAMKA PAMIĄTKA I KOMUNII    ŚW. 13x18 CM,67.65,162.36,2026-10-07 06:54:42
6841/1,105,6841/1 OBRAZEK PAMIĄTKA I KOMUNII ŚW.     6x10 CM,74.78,179.47,2026-10-07 06:54:42
6841/1COL,52,6841/1COL OBRAZEK PAMIĄTKA I KOMUNII ŚW.  6x10 CM,79.46,190.70,2026-10-07 06:54:42
6841/2,93,6841/2 OBRAZEK PAMIĄTKA I KOMUNII ŚW.     9x15 CM,125.03,275.07,2026-10-07 06:54:42
6841/2COL,48,6841/2COL OBRAZEK PAMIĄTKA I KOMUNII ŚW.  9x15 CM,133.21,293.06,2026-10-07 06:54:42
6841ALB/2,57,6841ALB/2 ALBUM PAMIĄTKA I KOMUNII ŚW.    20x25 CM,174.11,348.22,2026-10-07 06:54:42
6841W/1,53,"6841W/1 PANEL PAMIĄTKA I KOMUNII ŚW.      9x13,5 CM",92.31,221.54,2026-10-07 06:54:42
6841W/2,58,"6841W/2 PANEL PAMIĄTKA I KOMUNII ŚW.      11,5x17,5 CM",127.37,280.21,2026-10-07 06:54:42
6842/2,17,6842/2 OBRAZEK ANIOŁEK 6x9 CM,74.78,179.47,2026-10-07 06:54:42
6842/2X,29,6842/2X OBRAZEK ANIOŁEK 9x13 CM,114.51,251.92,2026-10-07 06:54:42
6843/2,25,6843/2 OBRAZEK ANIOŁEK 9x11 CM,87.64,210.34,2026-10-07 06:54:42
6843/2X,51,6843/2X OBRAZEK ANIOŁEK 12x15 CM,120.36,264.79,2026-10-07 06:54:42
6844/2X,56,6844/2X OBRAZEK ANIOŁ NA KŁADCE 9x13 CM,114.51,251.92,2026-10-07 06:54:42
6844/2XCOL,40,6844/2XCOL OBRAZEK ANIOŁ NA KŁADCE 9x13   CM,122.69,269.92,2026-10-07 06:54:42
6844/3,17,6844/3 OBRAZEK ANIOŁ NA KŁADCE 13x18 CM,186.96,373.92,2026-10-07 06:54:42
6844/3COL,18,6844/3COL OBRAZEK ANIOŁ NA KŁADCE 13x18   CM,199.81,399.62,2026-10-07 06:54:42
6844S/2X,37,6844S/2X OBRAZEK ANIOŁ NA KŁADCE 9x13 CM,114.51,251.92,2026-10-07 06:54:42
6844S/2XCOL,15,6844S/2XCOL OBRAZEK ANIOŁ NA KŁADCE 9x13  CM,122.69,269.92,2026-10-07 06:54:42
6844S/3,14,6844S/3 OBRAZEK ANIOŁ NA KŁADCE 13x18 CM,186.96,373.92,2026-10-07 06:54:42
6844S/3COL,4,6844S/3COL OBRAZEK ANIOŁ NA KŁADCE 13x18  CM,199.81,399.62,2026-10-07 06:54:42
6845/2,67,6845/2 OBRAZEK ŚW. RODZINA 9x11 CM,87.64,210.34,2026-10-07 06:54:42
6845/2COL,57,6845/2COL OBRAZEK ŚW. RODZINA 9x11 CM,93.48,224.35,2026-10-07 06:54:42
6845/2X,35,"6845/2X OBRAZEK ŚW. RODZINA 12x14,5 CM",120.36,264.79,2026-10-07 06:54:42
6845/2XCOL,52,"6845/2XCOL OBRAZEK ŚW. RODZINA 12x14,5    CM",129.70,285.34,2026-10-07 06:54:42
6845/3,44,6845/3 OBRAZEK ŚW. RODZINA 15x19 CM,177.61,355.22,2026-10-07 06:54:42
6845/3COL,34,6845/3COL OBRAZEK ŚW. RODZINA 15x19 CM,189.30,378.60,2026-10-07 06:54:42
6845/4,41,"6845/4 OBRAZEK ŚW. RODZINA 21x25,5 CM",303.81,546.86,2026-10-07 06:54:42
6845/4COL,20,"6845/4COL OBRAZEK ŚW. RODZINA 21x25,5 CM",324.84,584.71,2026-10-07 06:54:42
6845/5,18,"6845/5 OBRAZ ŚW. RODZINA 27x32,5 CM",448.70,807.66,2026-10-07 06:54:42
6845/5COL,11,"6845/5COL OBRAZ ŚW. RODZINA 27x32,5 CM",480.25,864.45,2026-10-07 06:54:42
6845/6,7,"6845/6 OBRAZ ŚW. RODZINA 34x42,5 CM",697.59,1255.66,2026-10-07 06:54:42
6845/6COL,15,"6845/6COL OBRAZ ŚW. RODZINA 34x42,5 CM",746.67,1344.01,2026-10-07 06:54:42
6846/1,1060,6846/1 OBRAZEK ŚW. JAN PAWEŁ II 6x10 CM,74.78,179.47,2026-10-07 06:54:42
6846/1COL,98,6846/1COL OBRAZEK ŚW. JAN PAWEŁ II 6x10   CM,79.46,190.70,2026-10-07 06:54:42
6846/2,91,6846/2 OBRAZEK ŚW. JAN PAWEŁ II 9x15 CM,125.03,275.07,2026-10-07 06:54:42
6846/2COL,133,6846/2COL OBRAZEK ŚW. JAN PAWEŁ II 9x15   CM,133.21,293.06,2026-10-07 06:54:42
6846/3,17,6846/3 OBRAZEK ŚW. JAN PAWEŁ II 12x20 CM,190.47,380.94,2026-10-07 06:54:42
6846/3COL,51,6846/3COL OBRAZEK ŚW. JAN PAWEŁ II 12x20  CM,203.32,406.64,2026-10-07 06:54:42
6847/2,60,6847/2 OBRAZEK JEZU UFAM TOBIE 6x9 CM,73.62,176.69,2026-10-07 06:54:42
6847/2COL,48,6847/2COL OBRAZEK JEZU UFAM TOBIE 6x9 CM,78.29,187.90,2026-10-07 06:54:42
6847/2X,36,6847/2X OBRAZEK JEZU UFAM TOBIE 9x13 CM,114.51,251.92,2026-10-07 06:54:42
6847/2XCOL,12,6847/2XCOL OBRAZEK JEZU UFAM TOBIE 9x13   CM,122.69,269.92,2026-10-07 06:54:42
6847/3,22,6847/3 OBRAZEK JEZU UFAM TOBIE 13x18 CM,186.96,373.92,2026-10-07 06:54:42
6847/3COL,14,6847/3COL OBRAZEK JEZU UFAM TOBIE 13x18   CM,199.81,399.62,2026-10-07 06:54:42
6848/2,19,6848/2 OBRAZEK ANIOŁKI 7x9 CM,67.77,162.65,2026-10-07 06:54:42
6848/2X,64,6848/2X OBRAZEK ANIOŁKI 10x13 CM,99.32,238.37,2026-10-07 06:54:42
6848/3,11,6848/3 OBRAZEK ANIOŁKI 14x18 CM,155.41,310.82,2026-10-07 06:54:42
6849/1A,38,6849/1A OBRAZEK PAMIĄTKA I KOMUNII ŚW.    6x10 CM,74.78,179.47,2026-10-07 06:54:42
6849/1O,62,6849/1O OBRAZEK PAMIĄTKA I KOMUNII ŚW.    6x10 CM,74.78,179.47,2026-10-07 06:54:42
6849/2,147,6849/2 OBRAZEK PAMIĄTKA I KOMUNII ŚW.     8x8 CM,80.63,193.51,2026-10-07 06:54:42
6849/2A,110,6849/2A OBRAZEK PAMIĄTKA I KOMUNII ŚW.    9x15 CM,125.03,275.07,2026-10-07 06:54:42
6849/2COL,67,6849/2COL OBRAZEK PAMIĄTKA I KOMUNII ŚW.  8x8 CM,86.47,207.53,2026-10-07 06:54:42
6849/2O,103,6849/2O OBRAZEK PAMIĄTKA I KOMUNII ŚW.    9x15 CM,125.03,275.07,2026-10-07 06:54:42
6849/2X,112,6849/2X OBRAZEK PAMIĄTKA I KOMUNII ŚW.    12x12 CM,130.87,287.91,2026-10-07 06:54:42
6849/2XCOL,69,6849/2XCOL OBRAZEK PAMIĄTKA I KOMUNII     ŚW. 12x12 CM,140.22,308.48,2026-10-07 06:54:42
6849/3,79,6849/3 OBRAZEK PAMIĄTKA I KOMUNII ŚW.     16x16 CM,200.98,401.96,2026-10-07 06:54:42
6849/3A,59,6849/3A OBRAZEK PAMIĄTKA I KOMUNII ŚW.    12x20 CM,190.47,380.94,2026-10-07 06:54:42
6849/3COL,40,6849/3COL OBRAZEK PAMIĄTKA I KOMUNII ŚW.  16x16 CM,215.00,430.00,2026-10-07 06:54:42
6849/3O,63,6849/3O OBRAZEK PAMIĄTKA I KOMUNII ŚW.    12x20 CM,190.47,380.94,2026-10-07 06:54:42
6849W/1A,53,6849W/1A PANEL PAMIĄTKA I KOMUNII ŚW.     9x12 CM,84.13,201.91,2026-10-07 06:54:42
6849W/1O,58,6849W/1O PANEL PAMIĄTKA I KOMUNII ŚW.     9x12 CM,84.13,201.91,2026-10-07 06:54:42
6849W/2A,76,6849W/2A PANEL PAMIĄTKA I KOMUNII ŚW.     13x17 CM,136.71,300.76,2026-10-07 06:54:42
6849W/2O,49,6849W/2O PANEL PAMIĄTKA I KOMUNII ŚW.     13x17 CM,136.71,300.76,2026-10-07 06:54:42
6850/2,38,6850/2 OBRAZEK MATKA BOŻA KARMIĄCA 9x11   CM,87.64,210.34,2026-10-07 06:54:42
6850/2X,18,"6850/2X OBRAZEK MATKA BOŻA KARMIĄCA       12x14,5 CM",120.36,264.79,2026-10-07 06:54:42
6850/3,10,6850/3 OBRAZEK MATKA BOŻA KARMIĄCA 15x19  CM,177.61,355.22,2026-10-07 06:54:42
6850/4,10,"6850/4 OBRAZEK MATKA BOŻA KARMIĄCA        21x25,5 CM",303.81,546.86,2026-10-07 06:54:42
6852/1A,67,6852/1A OBRAZEK PAMIĄTKA I KOMUNII ŚW.    6x7 CM,60.76,145.82,2026-10-07 06:54:42
6852/1ACOL,50,6852/1ACOL OBRAZEK PAMIĄTKA I KOMUNII     ŚW. 6x7 CM,64.27,154.25,2026-10-07 06:54:42
6852/1O,83,6852/1O OBRAZEK PAMIĄTKA I KOMUNII ŚW.    6x7 CM,60.76,145.82,2026-10-07 06:54:42
6852/1OCOL,56,6852/1OCOL OBRAZEK PAMIĄTKA I KOMUNII     ŚW. 6x7 CM,64.27,154.25,2026-10-07 06:54:42
6852/2A,117,6852/2A OBRAZEK PAMIĄTKA I KOMUNII ŚW.    9x11 CM,87.64,210.34,2026-10-07 06:54:42
6852/2ACOL,76,6852/2ACOL OBRAZEK PAMIĄTKA I KOMUNII     ŚW. 9x11 CM,93.48,224.35,2026-10-07 06:54:42
6852/2O,91,6852/2O OBRAZEK PAMIĄTKA I KOMUNII ŚW.    9x11 CM,87.64,210.34,2026-10-07 06:54:42
6852/2OCOL,68,6852/2OCOL OBRAZEK PAMIĄTKA I KOMUNII     ŚW. 9x11 CM,93.48,224.35,2026-10-07 06:54:42
6852/2XA,48,6852/2XA OBRAZEK PAMIĄTKA I KOMUNII ŚW.   12x14 CM,120.36,264.79,2026-10-07 06:54:42
6852/2XACOL,13,6852/2XACOL OBRAZEK PAMIĄTKA I KOMUNII    ŚW. 12x14 CM,129.70,285.34,2026-10-07 06:54:42
6852/2XO,47,6852/2XO OBRAZEK PAMIĄTKA I KOMUNII ŚW.   12x14 CM,120.36,264.79,2026-10-07 06:54:42
6852/2XOCOL,25,6852/2XOCOL OBRAZEK PAMIĄTKA I KOMUNII    ŚW. 12x14 CM,129.70,285.34,2026-10-07 06:54:42
6853/1,69,6853/1 OBRAZEK ANIOŁEK 7x7 CM,63.10,151.44,2026-10-07 06:54:42
6853/1COL,36,6853/1COL OBRAZEK ANIOŁEK 7x7 CM,66.60,159.84,2026-10-07 06:54:42
6853/2,38,6853/2 OBRAZEK ANIOŁEK 10x10 CM,87.64,210.34,2026-10-07 06:54:42
6853/2COL,46,6853/2COL OBRAZEK ANIOŁEK 10x10 CM,93.48,224.35,2026-10-07 06:54:42
6853/2X,40,6853/2X OBRAZEK ANIOŁEK 13x13 CM,123.86,272.49,2026-10-07 06:54:42
6853/2XCOL,45,6853/2XCOL OBRAZEK ANIOŁEK 13x13 CM,132.04,290.49,2026-10-07 06:54:42
6853/3,38,6853/3 OBRAZEK ANIOŁEK 16x16 CM,177.61,355.22,2026-10-07 06:54:42
6853/3COL,48,6853/3COL OBRAZEK ANIOŁEK 16x16 CM,190.47,380.94,2026-10-07 06:54:42
6854/1,89,6854/1 OBRAZEK ANIOŁEK 7x7 CM,63.10,151.44,2026-10-07 06:54:42
6854/1COL,32,6854/1COL OBRAZEK ANIOŁEK 7x7 CM,66.60,159.84,2026-10-07 06:54:42
6854/2,41,6854/2 OBRAZEK ANIOŁEK 10x10 CM,87.64,210.34,2026-10-07 06:54:42
6854/2COL,39,6854/2COL OBRAZEK ANIOŁEK 10x10 CM,93.48,224.35,2026-10-07 06:54:42
6854/2X,52,6854/2X OBRAZEK ANIOŁEK 13x13 CM,123.86,272.49,2026-10-07 06:54:42
6854/2XCOL,38,6854/2XCOL OBRAZEK ANIOŁEK 13x13 CM,132.04,290.49,2026-10-07 06:54:42
6854/3,54,6854/3 OBRAZEK ANIOŁEK 16x16 CM,177.61,355.22,2026-10-07 06:54:42
6854/3COL,39,6854/3COL OBRAZEK ANIOŁEK 16x16 CM,190.47,380.94,2026-10-07 06:54:42
6855/2,33,6855/2 OBRAZEK JEZU UFAM TOBIE 9x11 CM,87.64,210.34,2026-10-07 06:54:42
6855/2COL,47,6855/2COL OBRAZEK JEZU UFAM TOBIE 9x11    CM,93.48,224.35,2026-10-07 06:54:42
6855/2X,29,"6855/2X OBRAZEK JEZU UFAM TOBIE 12x14,5   CM",120.36,264.79,2026-10-07 06:54:42
6855/2XCOL,90,"6855/2XCOL OBRAZEK JEZU UFAM TOBIE        12x14,5 CM",129.70,285.34,2026-10-07 06:54:42
6855/3,27,6855/3 OBRAZEK JEZU UFAM TOBIE 15x19 CM,177.61,355.22,2026-10-07 06:54:42
6855/3COL,20,6855/3COL OBRAZEK JEZU UFAM TOBIE 15x19   CM,189.30,378.60,2026-10-07 06:54:42
6855/4,23,"6855/4 OBRAZEK JEZU UFAM TOBIE 21x25,5    CM",303.81,546.86,2026-10-07 06:54:42
6855/4COL,14,"6855/4COL OBRAZEK JEZU UFAM TOBIE         21x25,5 CM",324.84,584.71,2026-10-07 06:54:42
6857/2,43,6857/2 OBRAZEK ŚW. RODZINA 8x8 CM,80.63,193.51,2026-10-07 06:54:42
6857/2X,18,6857/2X OBRAZEK ŚW. RODZINA 12x12 CM,130.87,287.91,2026-10-07 06:54:42
6857/3,27,6857/3 OBRAZEK ŚW. RODZINA 16x16 CM,200.98,401.96,2026-10-07 06:54:42
6857/5,17,6857/5 OBRAZEK ŚW. RODZINA 21x21 CM,316.66,569.99,2026-10-07 06:54:42
6857/7,0,6857/7 OBRAZEK ŚW. RODZINA 36x36 CM,848.33,1526.99,2026-10-07 06:54:42
6859/2,55,6859/2 OBRAZEK MODLĄCE SIĘ DZIECKO 6x9    CM,75.95,182.28,2026-10-07 06:54:42
6859/2COL,58,6859/2COL OBRAZEK MODLĄCE SIĘ DZIECKO     6x9 CM,80.63,193.51,2026-10-07 06:54:42
6859/2X,49,6859/2X OBRAZEK MODLĄCE SIĘ DZIECKO 8x12  CM,104.00,228.80,2026-10-07 06:54:42
6859/2XCOL,25,6859/2XCOL OBRAZEK MODLĄCE SIĘ DZIECKO    8x12 CM,112.18,246.80,2026-10-07 06:54:42
6859/3,10,6859/3 OBRAZEK MODLĄCE SIĘ DZIECKO 12x17  CM,164.76,329.52,2026-10-07 06:54:42
6859/3COL,30,6859/3COL OBRAZEK MODLĄCE SIĘ DZIECKO     12x17 CM,176.44,352.88,2026-10-07 06:54:42
6866/2,20,6866/2 OBRAZEK ANIOŁEK 6x9 CM,73.62,176.69,2026-10-07 06:54:42
6866/2X,25,6866/2X OBRAZEK ANIOŁEK 9x13 CM,114.51,251.92,2026-10-07 06:54:42
6866W/2,15,"6866W/2 PANEL ANIOŁEK 9x13,5 CM",92.31,221.54,2026-10-07 06:54:42
6866W/2X,0,"6866W/2X PANEL ANIOŁEK 11,5x17,5 CM",127.37,280.21,2026-10-07 06:54:42
80001/2LPL,0,80001/2LPL OBRAZEK JEZU UFAM TOBIE 7x9    CM,39.36,102.34,2026-10-07 06:54:42
80001/2LPLCOL,1,80001/2LPLCOL OBRAZEK JEZU UFAM TOBIE     7x9 CM,41.82,108.73,2026-10-07 06:54:42
80001/3LPL,0,80001/3LPL OBRAZEK JEZU UFAM TOBIE 9x13  CM,60.89,146.14,2026-10-07 06:54:42
80001/3LPLCOL,30,80001/3LPLCOL OBRAZEK JEZU UFAM TOBIE     9x13 CM,106.27,233.79,2026-10-07 06:54:42
80001/4LPLCOL,9,80001/4LPLCOL OBRAZEK JEZU UFAM TOBIE 13x18 CM,203.69,407.38,2026-10-07 06:54:42
81093/1L,80,81093/1L OBRAZEK PAMIĄTKA I KOMUNII ŚW.   9x11 CM,36.41,94.67,2026-10-07 06:54:42
81093/1LCOL,74,81093/1LCOL OBRAZEK PAMIĄTKA I KOMUNII    ŚW. 9x11 CM,38.87,101.06,2026-10-07 06:54:42
81093/2L,122,"81093/2L OBRAZEK PAMIĄTKA I KOMUNII ŚW.   12x14,5 CM",53.63,128.71,2026-10-07 06:54:42
81093/2LCOL,127,"81093/2LCOL OBRAZEK PAMIĄTKA I KOMUNII    ŚW. 12x14,5 CM",57.56,138.14,2026-10-07 06:54:42
81094/1L,20,81094/1L OBRAZEK PAMIĄTKA I KOMUNII ŚW.   9x11 CM,36.41,94.67,2026-10-07 06:54:42
81094/1LCOL,40,81094/1LCOL OBRAZEK PAMIĄTKA I KOMUNII    ŚW. 9x11 CM,38.87,101.06,2026-10-07 06:54:42
81094/2L,81,"81094/2L OBRAZEK PAMIĄTKA I KOMUNII ŚW.   12x14,5 CM",53.63,128.71,2026-10-07 06:54:42
81094/2LCOL,116,"81094/2LCOL OBRAZEK PAMIĄTKA I KOMUNII    ŚW. 12x14,5 CM",57.56,138.14,2026-10-07 06:54:42
81122/0L,160,81122/0L OBRAZEK PAMIĄTKA I KOMUNII ŚW.   6x7 CM,31.98,83.15,2026-10-07 06:54:42
81122/0LCOL,351,81122/0LCOL OBRAZEK PAMIĄTKA I KOMUNII    ŚW. 6x7 CM,33.83,87.96,2026-10-07 06:54:42
81122/1LCOL,89,81122/1LCOL OBRAZEK PAMIĄTKA I KOMUNII    ŚW. 9x11 CM,48.59,126.33,2026-10-07 06:54:42
81122/2LCOL,53,"81122/2LCOL OBRAZEK PAMIĄTKA I KOMUNII    ŚW. 12x14,5 CM",71.96,172.70,2026-10-07 06:54:42
81123/0L,117,81123/0L OBRAZEK PAMIĄTKA I KOMUNII ŚW.   6x7 CM,31.98,83.15,2026-10-07 06:54:42
81123/0LCOL,386,81123/0LCOL OBRAZEK PAMIĄTKA I KOMUNII    ŚW. 6x7 CM,33.83,87.96,2026-10-07 06:54:42
81123/1LCOL,153,81123/1LCOL OBRAZEK PAMIĄTKA I KOMUNII    ŚW. 9x11 CM,48.59,126.33,2026-10-07 06:54:42
81123/2LCOL,124,"81123/2LCOL OBRAZEK PAMIĄTKA I KOMUNII    ŚW. 12x14,5 CM",71.96,172.70,2026-10-07 06:54:42
81124/0L,22,81124/0L OBRAZEK PAMIĄTKA I KOMUNII ŚW.   6x7 CM,31.98,83.15,2026-10-07 06:54:42
81124/0LCOL,402,81124/0LCOL OBRAZEK PAMIĄTKA I KOMUNII    ŚW. 6x7 CM,33.83,87.96,2026-10-07 06:54:42
81124/1LCOL,198,81124/1LCOL OBRAZEK PAMIĄTKA I KOMUNII    ŚW. 9x11 CM,48.59,126.33,2026-10-07 06:54:42
81124/2LCOL,77,"81124/2LCOL OBRAZEK PAMIĄTKA I KOMUNII    ŚW. 12x14,5 CM",71.96,172.70,2026-10-07 06:54:42
81200/3L,54,81200/3L OBRAZEK ANIOŁEK 8x8 CM,67.90,162.96,2026-10-07 06:54:42
81221/4XL,1,81221/4XL OBRAZEK OSTATNIA WIECZERZA  20x12 CM,127.31,280.08,2026-10-07 06:54:42
81287/3L,400,"81287/3L OBRAZEK PAMIĄTKA I KOMUNII ŚW. 6,5x11 CM",45.51,118.33,2026-10-07 06:54:42
81287/3LPL,68,"81287/3LPL PANEL PAMIĄTKA I KOMUNII ŚW.  9x13,5 CM",48.59,126.33,2026-10-07 06:54:42
81287/3XL,1,81287/3XL OBRAZEK PAMIĄTKA I KOMUNII ŚW.  9x15 CM,65.81,157.94,2026-10-07 06:54:42
81287/4LPL,269,"81287/4LPL PANEL PAMIĄTKA I KOMUNII ŚW.  11,5x17,5 CM",71.96,172.70,2026-10-07 06:54:42
81371/1LBI,3,"81371/1LBI OBRAZEK PAMIĄTKA I KOMUNII  ŚW. 7,5x6,5 CM",33.83,87.96,2026-10-07 06:54:42
81397/3L,98,"81397/3L OBRAZEK PAMIĄTKA I KOMUNII ŚW.   6,5x11 CM",36.41,94.67,2026-10-07 06:54:42
81397/3LCOL,107,"81397/3LCOL OBRAZEK PAMIĄTKA I KOMUNII    ŚW. 6,5x11 CM",38.87,101.06,2026-10-07 06:54:42
81397/3XL,114,81397/3XL OBRAZEK PAMIĄTKA I KOMUNII ŚW.  9x15 CM,52.64,126.34,2026-10-07 06:54:42
81397/3XLCOL,125,81397/3XLCOL OBRAZEK PAMIĄTKA I KOMUNII   ŚW. 9x15 CM,56.09,134.62,2026-10-07 06:54:42
81398/3L,53,"81398/3L OBRAZEK PAMIĄTKA I KOMUNII ŚW.   6,5x11 CM",36.41,94.67,2026-10-07 06:54:42
81398/3LCOL,87,"81398/3LCOL OBRAZEK PAMIĄTKA I KOMUNII    ŚW. 6,5x11 CM",38.87,101.06,2026-10-07 06:54:42
81398/3XL,84,81398/3XL OBRAZEK PAMIĄTKA I KOMUNII ŚW.  9x15 CM,52.64,126.34,2026-10-07 06:54:42
81398/3XLCOL,120,81398/3XLCOL OBRAZEK PAMIĄTKA I KOMUNII   ŚW. 9x15 CM,56.09,134.62,2026-10-07 06:54:42
82109/4LPL,165,"82109/4LPL PANEL ANIOŁEK 11,5x17,5 CM",71.96,172.70,2026-10-07 06:54:42
AE0800/2,42,AE0800/2 IKONA MATKA BOŻA KAZAŃSKA 10x12  cm,60.76,145.82,2026-10-07 06:54:42
AE0800/2D,20,AE0800/2D IKONA MATKA BOŻA KAZAŃSKA       10x12 cm,61.93,148.63,2026-10-07 06:54:42
AE0800/3,36,"AE0800/3 IKONA MATKA BOŻA KAZAŃSKA        13x16,5 cm",88.81,213.14,2026-10-07 06:54:42
AE0800/3D,22,"AE0800/3D IKONA MATKA BOŻA KAZAŃSKA       13x16,5 cm",93.48,224.35,2026-10-07 06:54:42
AE0800/4,24,"AE0800/4 IKONA MATKA BOŻA KAZAŃSKA        16,5x21,5 cm",122.69,269.92,2026-10-07 06:54:42
AE0800/4D,18,"AE0800/4D IKONA MATKA BOŻA KAZAŃSKA       16,5x21,5 cm",129.70,285.34,2026-10-07 06:54:42
AE0800/5,23,"AE0800/5 IKONA MATKA BOŻA KAZAŃSKA        21,5x28,5 cm",192.80,385.60,2026-10-07 06:54:42
AE0800/5D,14,"AE0800/5D IKONA MATKA BOŻA KAZAŃSKA       21,5x28,5 cm",200.98,401.96,2026-10-07 06:54:42
AE0800/6,6,"AE0800/6 IKONA MATKA BOŻA KAZAŃSKA        26,5x36,5 cm",272.26,490.07,2026-10-07 06:54:42
AE0800/6D,11,"AE0800/6D IKONA MATKA BOŻA KAZAŃSKA       26,5x36,5 cm",282.78,509.00,2026-10-07 06:54:42
AE0801/2,16,AE0801/2 IKONA ŚWIĘTA RODZINA 10x12 cm,60.76,145.82,2026-10-07 06:54:42
AE0801/2D,12,AE0801/2D IKONA ŚWIĘTA RODZINA 10x12 cm,61.93,148.63,2026-10-07 06:54:42
AE0801/3,7,"AE0801/3 IKONA ŚWIĘTA RODZINA 13x16,5 cm",88.81,213.14,2026-10-07 06:54:42
AE0801/3D,13,"AE0801/3D IKONA ŚWIĘTA RODZINA 13x16,5    cm",93.48,224.35,2026-10-07 06:54:42
AE0801/4,20,"AE0801/4 IKONA ŚWIĘTA RODZINA 16,5x21,5   cm",122.69,269.92,2026-10-07 06:54:42
AE0801/4D,13,"AE0801/4D IKONA ŚWIĘTA RODZINA 16,5x21,5  cm",129.70,285.34,2026-10-07 06:54:42
AE0801/5,3,"AE0801/5 IKONA ŚWIĘTA RODZINA 21,5x28,5   cm",192.80,385.60,2026-10-07 06:54:42
AE0801/5D,8,"AE0801/5D IKONA ŚWIĘTA RODZINA 21,5x28,5  cm",200.98,401.96,2026-10-07 06:54:42
AE0801/6,12,"AE0801/6 IKONA ŚWIĘTA RODZINA 26,5x36,5   cm",272.26,490.07,2026-10-07 06:54:42
AE0801/6D,11,"AE0801/6D IKONA ŚWIĘTA RODZINA 26,5x36,5  cm",282.78,509.00,2026-10-07 06:54:42
AE0803/2,18,AE0803/2 IKONA JEZUS 10x12 cm,60.76,145.82,2026-10-07 06:54:42
AE0803/2D,11,AE0803/2D IKONA JEZUS 10x12 cm,61.93,148.63,2026-10-07 06:54:42
AE0803/3,11,"AE0803/3 IKONA JEZUS 13x16,5 cm",88.81,213.14,2026-10-07 06:54:42
AE0803/3D,10,"AE0803/3D IKONA JEZUS 13x16,5 cm",93.48,224.35,2026-10-07 06:54:42
AE0803/4,9,"AE0803/4 IKONA JEZUS 16,5x21,5 cm",122.69,269.92,2026-10-07 06:54:42
AE0803/4D,8,"AE0803/4D IKONA JEZUS 16,5x21,5 cm",129.70,285.34,2026-10-07 06:54:42
AE0803/5,19,"AE0803/5 IKONA JEZUS 21,5x28,5 cm",192.80,385.60,2026-10-07 06:54:42
AE0803/5D,9,"AE0803/5D IKONA JEZUS 21,5x28,5 cm",200.98,401.96,2026-10-07 06:54:42
AE0803/6,9,"AE0803/6 IKONA JEZUS 26,5x36,5 cm",272.26,490.07,2026-10-07 06:54:42
AE0803/6D,5,"AE0803/6D IKONA JEZUS 26,5x36,5 cm",282.78,509.00,2026-10-07 06:54:42
AE0806/2,19,AE0806/2 IKONA MATKA BOŻA NIEUSTAJĄCEJ    POMOCY 10x12 cm,60.76,145.82,2026-10-07 06:54:42
AE0806/2D,10,AE0806/2D IKONA MATKA BOŻA NIEUSTAJĄCEJ   POMOCY 10x12 cm,61.93,148.63,2026-10-07 06:54:42
AE0806/3,30,"AE0806/3 IKONA MATKA BOŻA NIEUSTAJĄCEJ    POMOCY 13x16,5 cm",88.81,213.14,2026-10-07 06:54:42
AE0806/3D,10,"AE0806/3D IKONA MATKA BOŻA NIEUSTAJĄCEJ   POMOCY 13x16,5 cm",93.48,224.35,2026-10-07 06:54:42
AE0806/4,8,"AE0806/4 IKONA MATKA BOŻA NIEUSTAJĄCEJ    POMOCY 16,5x21,5 cm",122.69,269.92,2026-10-07 06:54:42
AE0806/4D,7,"AE0806/4D IKONA MATKA BOŻA NIEUSTAJĄCEJ   POMOCY 16,5x21,5 cm",129.70,285.34,2026-10-07 06:54:42
AE0806/5,3,"AE0806/5 IKONA MATKA BOŻA NIEUSTAJĄCEJ    POMOCY 21,5x28,5 cm",192.80,385.60,2026-10-07 06:54:42
AE0806/5D,3,"AE0806/5D IKONA MATKA BOŻA NIEUSTAJĄCEJ   POMOCY 21,5x28,5 cm",200.98,401.96,2026-10-07 06:54:42
AE0806/6,6,"AE0806/6 IKONA MATKA BOŻA NIEUSTAJĄCEJ    POMOCY 26,5x36,5 cm",272.26,490.07,2026-10-07 06:54:42
AE0806/6D,3,"AE0806/6D IKONA MATKA BOŻA NIEUSTAJĄCEJ   POMOCY 26,5x36,5 cm",282.78,509.00,2026-10-07 06:54:42
AE0840/2,35,AE0840/2 IKONA MATKA BOŻA KAZAŃSKA 10x12  cm,63.10,151.44,2026-10-07 06:54:42
AE0840/2D,36,AE0840/2D IKONA MATKA BOŻA KAZAŃSKA       10x12 cm,64.27,154.25,2026-10-07 06:54:42
AE0840/3,18,"AE0840/3 IKONA MATKA BOŻA KAZAŃSKA        13x16,5 cm",91.14,218.74,2026-10-07 06:54:42
AE0840/3D,27,"AE0840/3D IKONA MATKA BOŻA KAZAŃSKA       13x16,5 cm",96.99,232.78,2026-10-07 06:54:42
AE0840/4,22,"AE0840/4 IKONA MATKA BOŻA KAZAŃSKA        16,5x21,5 cm",128.54,282.79,2026-10-07 06:54:42
AE0840/4D,14,"AE0840/4D IKONA MATKA BOŻA KAZAŃSKA       16,5x21,5 cm",135.55,298.21,2026-10-07 06:54:42
AE0840/5,24,"AE0840/5 IKONA MATKA BOŻA KAZAŃSKA        21,5x28,5 CM",200.98,401.96,2026-10-07 06:54:42
AE0840/5D,13,"AE0840/5D IKONA MATKA BOŻA KAZAŃSKA       21,5x28,5 CM",206.82,413.64,2026-10-07 06:54:42
AE0840/6,11,"AE0840/6 IKONA MATKA BOŻA KAZAŃSKA        26,5x36,5 CM",282.78,509.00,2026-10-07 06:54:42
AE0840/6D,9,"AE0840/6D IKONA MATKA BOŻA KAZAŃSKA       26,5x36,5 CM",296.80,534.24,2026-10-07 06:54:42
AE0841/2,23,AE0841/2 IKONA ŚWIĘTA RODZINA 10x12 cm,63.10,151.44,2026-10-07 06:54:42
AE0841/2D,14,AE0841/2D IKONA ŚWIĘTA RODZINA 10x12 cm,64.27,154.25,2026-10-07 06:54:42
AE0841/3,11,"AE0841/3 IKONA ŚWIĘTA RODZINA 13x16,5 cm",91.14,218.74,2026-10-07 06:54:42
AE0841/3D,20,"AE0841/3D IKONA ŚWIĘTA RODZINA 13x16,5    cm",96.99,232.78,2026-10-07 06:54:42
AE0841/4,21,"AE0841/4 IKONA ŚWIĘTA RODZINA 16,5x21,5   cm",128.54,282.79,2026-10-07 06:54:42
AE0841/4D,35,"AE0841/4D IKONA ŚWIĘTA RODZINA 16,5x21,5  cm",135.55,298.21,2026-10-07 06:54:42
AE0841/5,19,"AE0841/5 IKONA ŚWIĘTA RODZINA 21,5x28,5   cm",200.98,401.96,2026-10-07 06:54:42
AE0841/5D,13,"AE0841/5D IKONA ŚWIĘTA RODZINA 21,5x28,5  cm",206.82,413.64,2026-10-07 06:54:42
AE0841/6,11,"AE0841/6 IKONA ŚWIĘTA RODZINA 26,5x36,5   cm",282.78,509.00,2026-10-07 06:54:42
AE0841/6D,7,"AE0841/6D IKONA ŚWIĘTA RODZINA 26,5x36,5  cm",296.80,534.24,2026-10-07 06:54:42
AE0841/7,4,AE0841/7 IKONA ŚWIĘTA RODZINA 37x49 cm,491.94,885.49,2026-10-07 06:54:42
AE0841/7D,2,AE0841/7D IKONA ŚWIĘTA RODZINA 37x49 cm,534.00,961.20,2026-10-07 06:54:42
AE0843/2,14,AE0843/2 IKONA JEZUS 10x12 cm,63.10,151.44,2026-10-07 06:54:42
AE0843/2D,7,AE0843/2D IKONA JEZUS 10x12 cm,64.27,154.25,2026-10-07 06:54:42
AE0843/3,18,"AE0843/3 IKONA JEZUS 13x16,5 cm",91.14,218.74,2026-10-07 06:54:42
AE0843/3D,14,"AE0843/3D IKONA JEZUS 13x16,5 cm",96.99,232.78,2026-10-07 06:54:42
AE0843/4,6,"AE0843/4 IKONA JEZUS 16,5x21,5 cm",128.54,282.79,2026-10-07 06:54:42
AE0843/4D,12,"AE0843/4D IKONA JEZUS 16,5x21,5 cm",135.55,298.21,2026-10-07 06:54:42
AE0843/5,8,"AE0843/5 IKONA JEZUS 21,5x28,5 cm",200.98,401.96,2026-10-07 06:54:42
AE0843/5D,5,"AE0843/5D IKONA JEZUS 21,5x28,5 cm",206.82,413.64,2026-10-07 06:54:42
AE0843/6,7,"AE0843/6 IKONA JEZUS 26,5x36,5 cm",282.78,509.00,2026-10-07 06:54:42
AE0843/6D,5,"AE0843/6D IKONA JEZUS 26,5x36,5 cm",296.80,534.24,2026-10-07 06:54:42
AE0846/2,12,AE0846/2 IKONA MATKA BOŻA NIEUSTAJĄCEJ    POMOCY 10x12 cm,63.10,151.44,2026-10-07 06:54:42
AE0846/2D,11,AE0846/2D IKONA MATKA BOŻA NIEUSTAJĄCEJ   POMOCY 10x12 cm,64.27,154.25,2026-10-07 06:54:42
AE0846/3,25,"AE0846/3 IKONA MATKA BOŻA NIEUSTAJĄCEJ    POMOCY 13x16,5 cm",91.14,218.74,2026-10-07 06:54:42
AE0846/3D,12,"AE0846/3D IKONA MATKA BOŻA NIEUSTAJĄCEJ   POMOCY 13x16,5 cm",96.99,232.78,2026-10-07 06:54:42
AE0846/4,23,"AE0846/4 IKONA MATKA BOŻA NIEUSTAJĄCEJ    POMOCY 16,5x21,5 cm",128.54,282.79,2026-10-07 06:54:42
AE0846/4D,17,"AE0846/4D IKONA MATKA BOŻA NIEUSTAJĄCEJ   POMOCY 16,5x21,5 cm",135.55,298.21,2026-10-07 06:54:42
AE0846/5,16,"AE0846/5 IKONA MATKA BOŻA NIEUSTAJĄCEJ    POMOCY 21,5x28,5 cm",200.98,401.96,2026-10-07 06:54:42
AE0846/5D,6,"AE0846/5D IKONA MATKA BOŻA NIEUSTAJĄCEJ   POMOCY 21,5x28,5 cm",206.82,413.64,2026-10-07 06:54:42
AE0846/6,4,"AE0846/6 IKONA MATKA BOŻA NIEUSTAJĄCEJ    POMOCY 26,5x36,5 cm",282.78,509.00,2026-10-07 06:54:42
AE0846/6D,7,"AE0846/6D IKONA MATKA BOŻA NIEUSTAJĄCEJ   POMOCY 26,5x36,5 cm",296.80,534.24,2026-10-07 06:54:42
AE0857/2W,15,"AE0857/2W IKONA MATKA BOŻA CZĘSTOCHOWSKA  Z KORONĄ 7x9,5 cm",58.43,140.23,2026-10-07 06:54:42
AE0857/2WD,15,"AE0857/2WD IKONA MATKA BOŻA               CZĘSTOCHOWSKA Z KORONĄ 7x9,5 cm",63.10,151.44,2026-10-07 06:54:42
AE0857/3W,4,"AE0857/3W IKONA MATKA BOŻA CZĘSTOCHOWSKA  Z KORONĄ 10x13,5 cm",84.13,201.91,2026-10-07 06:54:42
AE0857/3WD,11,"AE0857/3WD IKONA MATKA BOŻA               CZĘSTOCHOWSKA Z KORONĄ 10x13,5 cm",89.97,215.93,2026-10-07 06:54:42
AE0857/4W,0,AE0857/4W IKONA MATKA BOŻA CZĘSTOCHOWSKA  Z KORONĄ 13x18 cm,116.85,257.07,2026-10-07 06:54:42
AE0857/4WD,4,AE0857/4WD IKONA MATKA BOŻA               CZĘSTOCHOWSKA Z KORONĄ 13x18 cm,123.86,272.49,2026-10-07 06:54:42
AE0857/5W,11,"AE0857/5W IKONA MATKA BOŻA CZĘSTOCHOWSKA  Z KORONĄ 17,5x24,5 cm",182.29,364.58,2026-10-07 06:54:42
AE0857/5WD,14,"AE0857/5WD IKONA MATKA BOŻA               CZĘSTOCHOWSKA Z KORONĄ 17,5x24,5 cm",188.13,376.26,2026-10-07 06:54:42
AE0857/6W,7,"AE0857/6W IKONA MATKA BOŻA CZĘSTOCHOWSKA  Z KORONĄ 23,5x32 cm",257.07,462.73,2026-10-07 06:54:42
AE0857/6WD,8,"AE0857/6WD IKONA MATKA BOŻA               CZĘSTOCHOWSKA Z KORONĄ 23,5x32 cm",271.09,487.96,2026-10-07 06:54:42
AE0858/2W,4,"AE0858/2W IKONA MATKA BOŻA CZĘSTOCHOWSKA  7x9,5 cm",58.43,140.23,2026-10-07 06:54:42
AE0858/2WD,16,"AE0858/2WD IKONA MATKA BOŻA               CZĘSTOCHOWSKA 7x9,5 cm",63.10,151.44,2026-10-07 06:54:42
AE0858/3W,0,"AE0858/3W IKONA MATKA BOŻA CZĘSTOCHOWSKA  10x13,5 cm",84.13,201.91,2026-10-07 06:54:42
AE0858/3WD,12,"AE0858/3WD IKONA MATKA BOŻA               CZĘSTOCHOWSKA 10x13,5 cm",89.97,215.93,2026-10-07 06:54:42
AE0858/4W,0,AE0858/4W IKONA MATKA BOŻA CZĘSTOCHOWSKA  13x18 cm,116.85,257.07,2026-10-07 06:54:42
AE0858/4WD,6,AE0858/4WD IKONA MATKA BOŻA               CZĘSTOCHOWSKA 13x18 cm,123.86,272.49,2026-10-07 06:54:42
AE0858/5W,0,"AE0858/5W IKONA MATKA BOŻA CZĘSTOCHOWSKA  17,5x24,5 cm",182.29,364.58,2026-10-07 06:54:42
AE0858/5WD,15,"AE0858/5WD IKONA MATKA BOŻA               CZĘSTOCHOWSKA 17,5x24,5 cm",188.13,376.26,2026-10-07 06:54:42
AE0858/6W,4,"AE0858/6W IKONA MATKA BOŻA CZĘSTOCHOWSKA  23,5x32 cm",257.07,462.73,2026-10-07 06:54:42
AE0858/6WD,6,"AE0858/6WD IKONA MATKA BOŻA               CZĘSTOCHOWSKA 23,5x32 cm",271.09,487.96,2026-10-07 06:54:42
AE0859/2W,1,"AE0859/2W IKONA MATKA BOŻA OSTROBRAMSKA   7x9,5 cm",58.43,140.23,2026-10-07 06:54:42
AE0859/2WD,17,"AE0859/2WD IKONA MATKA BOŻA OSTROBRAMSKA  7x9,5 cm",63.10,151.44,2026-10-07 06:54:42
AE0859/3W,0,"AE0859/3W IKONA MATKA BOŻA OSTROBRAMSKA   10x13,5 cm",84.13,201.91,2026-10-07 06:54:42
AE0859/3WD,7,"AE0859/3WD IKONA MATKA BOŻA OSTROBRAMSKA  10x13,5 cm",89.97,215.93,2026-10-07 06:54:42
AE0859/4W,0,AE0859/4W IKONA MATKA BOŻA OSTROBRAMSKA   13x18 cm,116.85,257.07,2026-10-07 06:54:42
AE0859/4WD,14,AE0859/4WD IKONA MATKA BOŻA OSTROBRAMSKA  13x18 cm,123.86,272.49,2026-10-07 06:54:42
AE0859/5W,0,"AE0859/5W IKONA MATKA BOŻA OSTROBRAMSKA   17,5x24,5 cm",182.29,364.58,2026-10-07 06:54:42
AE0859/5WD,22,"AE0859/5WD IKONA MATKA BOŻA OSTROBRAMSKA  17,5x24,5 cm",188.13,376.26,2026-10-07 06:54:42
AE0859/6W,8,"AE0859/6W IKONA MATKA BOŻA OSTROBRAMSKA   23,5x32 cm",257.07,462.73,2026-10-07 06:54:42
AE0859/6WD,9,"AE0859/6WD IKONA MATKA BOŻA OSTROBRAMSKA  23,5x32 cm",271.09,487.96,2026-10-07 06:54:42
IC001/1,23,IC001/1 OBRAZEK ALUMINIOWY ŚW. RODZINA    6x12 CM,46.74,121.52,2026-10-07 06:54:42
IC001/1B,36,IC001/1B OBRAZEK ALUMINIOWY ŚW. RODZINA   6x12 CM,46.74,121.52,2026-10-07 06:54:42
IC001/2,45,IC001/2 OBRAZEK ALUMINIOWY ŚW. RODZINA    9x18 CM,65.19,156.46,2026-10-07 06:54:42
IC001/2B,33,IC001/2B OBRAZEK ALUMINIOWY ŚW. RODZINA   9x18 CM,65.19,156.46,2026-10-07 06:54:42
IC001/3,77,IC001/3 OBRAZEK ALUMINIOWY ŚW. RODZINA    12x24 CM,88.56,212.54,2026-10-07 06:54:42
IC001/3B,70,IC001/3B OBRAZEK ALUMINIOWY ŚW. RODZINA   12x24 CM,88.56,212.54,2026-10-07 06:54:42
IC001/4,63,IC001/4 OBRAZEK ALUMINIOWY ŚW. RODZINA    16x32 CM,141.45,311.19,2026-10-07 06:54:42
IC001/4B,57,IC001/4B OBRAZEK ALUMINIOWY ŚW. RODZINA   16x32 CM,141.45,311.19,2026-10-07 06:54:42
IC001/5,11,IC001/5 OBRAZEK ALUMINIOWY ŚW. RODZINA    22x44 CM,246.00,492.00,2026-10-07 06:54:42
IC001/5B,9,IC001/5B OBRAZEK ALUMINIOWY ŚW. RODZINA   22x44 CM,246.00,492.00,2026-10-07 06:54:42
IC002/1,30,IC002/1 OBRAZEK ALUMINIOWY MATKA BOŻA     6x12 CM,46.74,121.52,2026-10-07 06:54:42
IC002/2,62,IC002/2 OBRAZEK ALUMINIOWY MATKA BOŻA     9x18 CM,65.19,156.46,2026-10-07 06:54:42
IC002/3,77,IC002/3 OBRAZEK ALUMINIOWY MATKA BOŻA     12x24 CM,88.56,212.54,2026-10-07 06:54:42
IC002/4,41,IC002/4 OBRAZEK ALUMINIOWY MATKA BOŻA     16x32 CM,141.45,311.19,2026-10-07 06:54:42
IC004/1C,56,IC004/1C OBRAZEK ALUMINIOWY ANIOŁEK 6x12  CM,46.74,121.52,2026-10-07 06:54:42
IC004/1R,52,IC004/1R OBRAZEK ALUMINIOWY ANIOŁEK 6x12  CM,46.74,121.52,2026-10-07 06:54:42
IC004/2C,100,IC004/2C OBRAZEK ALUMINIOWY ANIOŁEK 9x18  CM,65.19,156.46,2026-10-07 06:54:42
IC004/2R,90,IC004/2R OBRAZEK ALUMINIOWY ANIOŁEK 9x18  CM,65.19,156.46,2026-10-07 06:54:42
IC004/3C,57,IC004/3C OBRAZEK ALUMINIOWY ANIOŁEK       12x24 CM,88.56,212.54,2026-10-07 06:54:42
IC004/3R,57,IC004/3R OBRAZEK ALUMINIOWY ANIOŁEK       12x24 CM,88.56,212.54,2026-10-07 06:54:42
IC005/1C,42,IC005/1C OBRAZEK ALUMINIOWY ANIOŁEK 6x12  CM,46.74,121.52,2026-10-07 06:54:42
IC005/1R,32,IC005/1R OBRAZEK ALUMINIOWY ANIOŁEK 6x12  CM,46.74,121.52,2026-10-07 06:54:42
IC005/2C,80,IC005/2C OBRAZEK ALUMINIOWY ANIOŁEK 9x18  CM,65.19,156.46,2026-10-07 06:54:42
IC005/2R,83,IC005/2R OBRAZEK ALUMINIOWY ANIOŁEK 9x18  CM,65.19,156.46,2026-10-07 06:54:42
IC005/3C,88,IC005/3C OBRAZEK ALUMINIOWY ANIOŁEK       12x24 CM,88.56,212.54,2026-10-07 06:54:42
IC005/3R,77,IC005/3R OBRAZEK ALUMINIOWY ANIOŁEK  12x24 CM,88.56,212.54,2026-10-07 06:54:42
IC005SK/1C,94,IC005SK/1C PANEL ALUMINIOWY ANIOŁEK       20x15 CM,77.49,185.98,2026-10-07 06:54:42
IC005SK/1R,93,IC005SK/1R PANEL ALUMINIOWY ANIOŁEK       20x15 CM,77.49,185.98,2026-10-07 06:54:42
IC006/1C,73,IC006/1C OBRAZEK ALUMINIOWY ANIOŁEK       12x11 CM,52.89,126.94,2026-10-07 06:54:42
IC006/1R,61,IC006/1R OBRAZEK ALUMINIOWY ANIOŁEK       12x11 CM,52.89,126.94,2026-10-07 06:54:42
IC006/2C,104,IC006/2C OBRAZEK ALUMINIOWY ANIOŁEK       16x14 CM,73.80,177.12,2026-10-07 06:54:42
IC006/2R,97,IC006/2R OBRAZEK ALUMINIOWY ANIOŁEK       16x14 CM,73.80,177.12,2026-10-07 06:54:42
IC006/3C,39,IC006/3C OBRAZEK ALUMINIOWY ANIOŁEK       20x17 CM,111.93,246.25,2026-10-07 06:54:42
IC006/3R,32,IC006/3R OBRAZEK ALUMINIOWY ANIOŁEK       20x17 CM,111.93,246.25,2026-10-07 06:54:42
IC006K/0C,94,IC006K/0C PANEL Z ALUMINIOWYM OBRAZKIEM   ANIOŁEK 15x20 CM,77.49,185.98,2026-10-07 06:54:42
IC006K/0R,92,IC006K/0R PANEL Z ALUMINIOWYM OBRAZKIEM   ANIOŁEK 15x20 CM,77.49,185.98,2026-10-07 06:54:42
IC007/1A,175,IC007/1A OBRAZEK ALUMINIOWY PAMIĄTKA I    KOMUNII ŚW. 6x12 CM,46.74,121.52,2026-10-07 06:54:42
IC007/1O,180,IC007/1O OBRAZEK ALUMINIOWY PAMIĄTKA I    KOMUNII ŚW. 6x12 CM,46.74,121.52,2026-10-07 06:54:42
IC007/2A,244,IC007/2A OBRAZEK ALUMINIOWY PAMIĄTKA I    KOMUNII ŚW. 9x18 CM,65.19,156.46,2026-10-07 06:54:42
IC007/2O,246,IC007/2O OBRAZEK ALUMINIOWY PAMIĄTKA I    KOMUNII ŚW. 9x18 CM,65.19,156.46,2026-10-07 06:54:42
IC007/3A,174,IC007/3A OBRAZEK ALUMINIOWY PAMIĄTKA I    KOMUNII ŚW. 12x24 CM,88.56,212.54,2026-10-07 06:54:42
IC007/3O,177,IC007/3O OBRAZEK ALUMINIOWY PAMIĄTKA I    KOMUNII ŚW. 12x24 CM,88.56,212.54,2026-10-07 06:54:42
IC007/4A,89,IC007/4A OBRAZEK ALUMINIOWY PAMIĄTKA I    KOMUNII ŚW. 16x32 CM,141.45,311.19,2026-10-07 06:54:42
IC007/4O,90,IC007/4O OBRAZEK ALUMINIOWY PAMIĄTKA I    KOMUNII ŚW. 16x32 CM,141.45,311.19,2026-10-07 06:54:42
IC007K/1A,41,IC007K/1A PANEL ALUMINIOWY PAMIĄTKA I     KOMUNII ŚW. 20x15 CM,77.49,185.98,2026-10-07 06:54:42
IC007K/1O,52,IC007K/1O PANEL ALUMINIOWY PAMIĄTKA I     KOMUNII ŚW. 20x15 CM,77.49,185.98,2026-10-07 06:54:42
IC014/1,48,IC014/1 OBRAZEK ALUMINIOWY ŚW. RODZINA    12x11 CM,52.89,126.94,2026-10-07 06:54:42
IC014/1B,22,IC014/1B OBRAZEK ALUMINIOWY ŚW. RODZINA   12x11 CM,52.89,126.94,2026-10-07 06:54:42
IC014/1S,24,IC014/1S OBRAZEK ALUMINIOWY ŚW. RODZINA   12x11 CM,52.89,126.94,2026-10-07 06:54:42
IC014/2,53,IC014/2 OBRAZEK ALUMINIOWY ŚW. RODZINA    16x14 CM,73.80,177.12,2026-10-07 06:54:42
IC014/2B,81,IC014/2B OBRAZEK ALUMINIOWY ŚW. RODZINA   16x14 CM,73.80,177.12,2026-10-07 06:54:42
IC014/2S,35,IC014/2S OBRAZEK ALUMINIOWY ŚW. RODZINA   16x14 CM,73.80,177.12,2026-10-07 06:54:42
IC014/3,46,IC014/3 OBRAZEK ALUMINIOWY ŚW. RODZINA    20x17 CM,111.93,246.25,2026-10-07 06:54:42
IC014/3B,67,IC014/3B OBRAZEK ALUMINIOWY ŚW. RODZINA   20x17 CM,111.93,246.25,2026-10-07 06:54:42
IC014/3S,48,IC014/3S OBRAZEK ALUMINIOWY ŚW. RODZINA   20x17 CM,111.93,246.25,2026-10-07 06:54:42
IC014/4,40,IC014/4 OBRAZEK ALUMINIOWY ŚW. RODZINA    25x21 CM,126.69,278.72,2026-10-07 06:54:42
IC014/4B,57,IC014/4B OBRAZEK ALUMINIOWY ŚW. RODZINA   25x21 CM,126.69,278.72,2026-10-07 06:54:42
IC014/4S,34,IC014/4S OBRAZEK ALUMINIOWY ŚW. RODZINA   25x21 CM,126.69,278.72,2026-10-07 06:54:42
IC014K/1,124,IC014K/1 PANEL ALUMINIOWY ŚW. RODZINA     20x25 CM,95.94,230.26,2026-10-07 06:54:42
IC028/1A,129,IC028/1A OBRAZEK ALUMINIOWY PAMIĄTKA I    KOMUNII ŚW. 12x11 CM,52.89,126.94,2026-10-07 06:54:42
IC028/1O,143,IC028/1O OBRAZEK ALUMINIOWY PAMIĄTKA I    KOMUNII ŚW. 12x11 CM,52.89,126.94,2026-10-07 06:54:42
IC028/2A,242,IC028/2A OBRAZEK ALUMINIOWY PAMIĄTKA I    KOMUNII ŚW. 16x14 CM,73.80,177.12,2026-10-07 06:54:42
IC028/2O,249,IC028/2O OBRAZEK ALUMINIOWY PAMIĄTKA I    KOMUNII ŚW. 16x14 CM,73.80,177.12,2026-10-07 06:54:42
IC028/3A,175,IC028/3A OBRAZEK ALUMINIOWY PAMIĄTKA I    KOMUNII ŚW. 20x17 CM,111.93,246.25,2026-10-07 06:54:42
IC028/3O,177,IC028/3O OBRAZEK ALUMINIOWY PAMIĄTKA I    KOMUNII ŚW. 20x17 CM,111.93,246.25,2026-10-07 06:54:42
IC100/1,54,IC100/1 OBRAZEK ŚW. RODZINA NA DREWNIE    6x12 CM,36.90,95.94,2026-10-07 06:54:42
IC100/1B,137,IC100/1B OBRAZEK ŚW. RODZINA NA DREWNIE   6x12 CM,36.90,95.94,2026-10-07 06:54:42
IC100/1S,265,IC100/1S OBRAZEK ŚW. RODZINA NA DREWNIE   6x12 CM,36.90,95.94,2026-10-07 06:54:42
IC100/2,119,IC100/2 OBRAZEK ŚW. RODZINA NA DREWNIE    9x18 CM,51.66,123.98,2026-10-07 06:54:42
IC100/2B,159,IC100/2B OBRAZEK ŚW. RODZINA NA DREWNIE   9x18 CM,51.66,123.98,2026-10-07 06:54:42
IC100/2S,136,IC100/2S OBRAZEK ŚW. RODZINA NA DREWNIE   9x18 CM,51.66,123.98,2026-10-07 06:54:42
IC100/3,230,IC100/3 OBRAZEK ŚW. RODZINA NA DREWNIE    12x24 CM,66.42,159.41,2026-10-07 06:54:42
IC100/3B,137,IC100/3B OBRAZEK ŚW. RODZINA NA DREWNIE   12x24 CM,66.42,159.41,2026-10-07 06:54:42
IC100/3S,197,IC100/3S OBRAZEK ŚW. RODZINA NA DREWNIE   12x24 CM,66.42,159.41,2026-10-07 06:54:42
IC100/4,76,IC100/4 OBRAZEK ŚW. RODZINA NA DREWNIE    16x32 CM,97.17,233.21,2026-10-07 06:54:42
IC100/4B,67,IC100/4B OBRAZEK ŚW. RODZINA NA DREWNIE   16x32 CM,97.17,233.21,2026-10-07 06:54:42
IC100/4S,81,IC100/4S OBRAZEK ŚW. RODZINA NA DREWNIE   16x32 CM,97.17,233.21,2026-10-07 06:54:42
IC100/5,60,IC100/5 OBRAZEK ŚW. RODZINA NA DREWNIE    22x44 CM,134.07,294.95,2026-10-07 06:54:42
IC100/5B,41,IC100/5B OBRAZEK ŚW. RODZINA NA DREWNIE   22x44 CM,134.07,294.95,2026-10-07 06:54:42
IC100/5S,62,IC100/5S OBRAZEK ŚW. RODZINA NA DREWNIE   22x44 CM,134.07,294.95,2026-10-07 06:54:42
IC100/6,11,IC100/6 OBRAZEK ŚW. RODZINA NA DREWNIE    30x60 CM,244.77,489.54,2026-10-07 06:54:42
IC100/6S,18,IC100/6S OBRAZEK ŚW. RODZINA NA DREWNIE   30x60 CM,244.77,489.54,2026-10-07 06:54:42
IC100/7,32,IC100/7 OBRAZEK ŚW. RODZINA NA DREWNIE    40x80 CM,367.77,661.99,2026-10-07 06:54:42
IC100/7S,14,IC100/7S OBRAZEK ŚW. RODZINA NA DREWNIE   40x80 CM,367.77,661.99,2026-10-07 06:54:42
IC100K/1S,82,IC100K/1S OBRAZEK ŚW. RODZINA NA DREWNIE  20x15 CM,55.35,132.84,2026-10-07 06:54:42
IC100K/2S,34,IC100K/2S OBRAZEK ŚW. RODZINA NA DREWNIE  25x20 CM,67.65,162.36,2026-10-07 06:54:42
IC101/1,36,IC101/1 OBRAZEK ŚW. RODZINA NA DREWNIE    7x11 CM,36.90,95.94,2026-10-07 06:54:42
IC101/1B,76,IC101/1B OBRAZEK ŚW. RODZINA NA DREWNIE   7x11 CM,36.90,95.94,2026-10-07 06:54:42
IC101/2,24,IC101/2 OBRAZEK ŚW. RODZINA NA DREWNIE    12x17 CM,56.58,135.79,2026-10-07 06:54:42
IC101/2B,95,IC101/2B OBRAZEK ŚW. RODZINA NA DREWNIE   12x17 CM,56.58,135.79,2026-10-07 06:54:42
IC101/3,3,IC101/3 OBRAZEK ŚW. RODZINA NA DREWNIE    17x23 CM,81.18,194.83,2026-10-07 06:54:42
IC101/3B,40,IC101/3B OBRAZEK ŚW. RODZINA NA DREWNIE   17x23 CM,81.18,194.83,2026-10-07 06:54:42
IC101/4,111,IC101/4 OBRAZEK ŚW. RODZINA NA DREWNIE    23x32 CM,110.70,243.54,2026-10-07 06:54:42
IC101/4B,19,IC101/4B OBRAZEK ŚW. RODZINA NA DREWNIE   23x32 CM,110.70,243.54,2026-10-07 06:54:42
IC101/5,95,IC101/5 OBRAZ ŚW. RODZINA NA DREWNIE      30x41 CM,172.20,344.40,2026-10-07 06:54:42
IC101/5B,24,IC101/5B OBRAZ ŚW. RODZINA NA DREWNIE     30x41 CM,172.20,344.40,2026-10-07 06:54:42
IC101/6,43,IC101/6 OBRAZ ŚW. RODZINA NA DREWNIE      40x56 CM,281.67,507.01,2026-10-07 06:54:42
IC101M/1S,113,IC101M/1S OBRAZEK ŚW. RODZINA NA DREWNIE  7x11 CM,31.98,83.15,2026-10-07 06:54:42
IC101M/2S,139,IC101M/2S OBRAZEK ŚW. RODZINA NA DREWNIE  12x17 CM,50.43,121.03,2026-10-07 06:54:42
IC101M/3S,47,IC101M/3S OBRAZEK ŚW. RODZINA NA DREWNIE  17x23 CM,71.34,171.22,2026-10-07 06:54:42
IC101M/4S,75,IC101M/4S OBRAZEK ŚW. RODZINA NA DREWNIE  23x32 CM,95.94,230.26,2026-10-07 06:54:42
IC101M/5S,42,IC101M/5S OBRAZ ŚW. RODZINA NA DREWNIE    30x41 CM,147.60,324.72,2026-10-07 06:54:42
IC102/1,73,IC102/1 OBRAZEK MATKA BOŻA NA DREWNIE     6x12 CM,36.90,95.94,2026-10-07 06:54:42
IC102/1B,111,IC102/1B OBRAZEK MATKA BOŻA NA DREWNIE    6x12 CM,36.90,95.94,2026-10-07 06:54:42
IC102/2,106,IC102/2 OBRAZEK MATKA BOŻA NA DREWNIE     9x18 CM,51.66,123.98,2026-10-07 06:54:42
IC102/2B,243,IC102/2B OBRAZEK MATKA BOŻA NA DREWNIE    9x18 CM,51.66,123.98,2026-10-07 06:54:42
IC102/3,106,IC102/3 OBRAZEK MATKA BOŻA NA DREWNIE     12x24 CM,66.42,159.41,2026-10-07 06:54:42
IC102/3B,212,IC102/3B OBRAZEK MATKA BOŻA NA DREWNIE    12x24 CM,66.42,159.41,2026-10-07 06:54:42
IC102/4,67,IC102/4 OBRAZEK MATKA BOŻA NA DREWNIE     16x32 CM,97.17,233.21,2026-10-07 06:54:42
IC102/4B,124,IC102/4B OBRAZEK MATKA BOŻA NA DREWNIE    16x32 CM,97.17,233.21,2026-10-07 06:54:42
IC102/5,106,IC102/5 OBRAZEK MATKA BOŻA NA DREWNIE     22x44 CM,134.07,294.95,2026-10-07 06:54:42
IC102/5B,32,IC102/5B OBRAZEK MATKA BOŻA NA DREWNIE    22x44 CM,134.07,294.95,2026-10-07 06:54:42
IC103/1,45,IC103/1 OBRAZEK JEZU UFAM TOBIE NA        DREWNIE 6x12 CM,36.90,95.94,2026-10-07 06:54:42
IC103/2,41,IC103/2 OBRAZEK JEZU UFAM TOBIE NA        DREWNIE 9x18 CM,51.66,123.98,2026-10-07 06:54:42
IC103/3,68,IC103/3 OBRAZEK JEZU UFAM TOBIE NA        DREWNIE 12x24 CM,66.42,159.41,2026-10-07 06:54:42
IC103/4,100,IC103/4 OBRAZEK JEZU UFAM TOBIE NA        DREWNIE 16x32 CM,97.17,233.21,2026-10-07 06:54:42
IC104/1C,186,IC104/1C OBRAZEK ANIOŁEK NA DREWNIE 6x12  CM,36.90,95.94,2026-10-07 06:54:42
IC104/1R,82,IC104/1R OBRAZEK ANIOŁEK NA DREWNIE 6x12  CM,36.90,95.94,2026-10-07 06:54:42
IC104/2C,116,IC104/2C OBRAZEK ANIOŁEK NA DREWNIE 9x18  CM,51.66,123.98,2026-10-07 06:54:42
IC104/2R,131,IC104/2R OBRAZEK ANIOŁEK NA DREWNIE 9x18  CM,51.66,123.98,2026-10-07 06:54:42
IC104/3C,115,IC104/3C OBRAZEK ANIOŁEK NA DREWNIE       12x24 CM,66.42,159.41,2026-10-07 06:54:42
IC104/3R,119,IC104/3R OBRAZEK ANIOŁEK NA DREWNIE       12x24 CM,66.42,159.41,2026-10-07 06:54:42
IC105/1C,237,IC105/1C OBRAZEK ANIOŁEK NA DREWNIE 6x12  CM,36.90,95.94,2026-10-07 06:54:42
IC105/1R,434,IC105/1R OBRAZEK ANIOŁEK NA DREWNIE 6x12  CM,36.90,95.94,2026-10-07 06:54:42
IC105/2C,268,IC105/2C OBRAZEK ANIOŁEK NA DREWNIE 9x18  CM,51.66,123.98,2026-10-07 06:54:42
IC105/2R,180,IC105/2R OBRAZEK ANIOŁEK NA DREWNIE 9x18  CM,51.66,123.98,2026-10-07 06:54:42
IC105/3C,176,IC105/3C OBRAZEK ANIOŁEK NA DREWNIE       12x24 CM,66.42,159.41,2026-10-07 06:54:42
IC105/3R,214,IC105/3R OBRAZEK ANIOŁEK NA DREWNIE       12x24 CM,66.42,159.41,2026-10-07 06:54:42
IC105S/1C,160,IC105S/1C OBRAZEK ANIOŁEK NA DREWNIE      6x12 CM,36.90,95.94,2026-10-07 06:54:42
IC105S/1R,128,IC105S/1R OBRAZEK ANIOŁEK NA DREWNIE      6x12 CM,36.90,95.94,2026-10-07 06:54:42
IC105S/2C,194,IC105S/2C OBRAZEK ANIOŁEK NA DREWNIE      9x18 CM,51.66,123.98,2026-10-07 06:54:42
IC105S/2R,179,IC105S/2R OBRAZEK ANIOŁEK NA DREWNIE      9x18 CM,51.66,123.98,2026-10-07 06:54:42
IC105S/3C,87,IC105S/3C OBRAZEK ANIOŁEK NA DREWNIE      12x24 CM,66.42,159.41,2026-10-07 06:54:42
IC105S/3R,87,IC105S/3R OBRAZEK ANIOŁEK NA DREWNIE      12x24 CM,66.42,159.41,2026-10-07 06:54:42
IC105SK/1C,67,IC105SK/1C PANEL ANIOŁEK NA DREWNIE       20x15 CM,55.35,132.84,2026-10-07 06:54:42
IC105SK/1R,63,IC105SK/1R PANEL ANIOŁEK NA DREWNIE       20x15 CM,55.35,132.84,2026-10-07 06:54:42
IC106/1C,168,IC106/1C OBRAZEK ANIOŁEK NA DREWNIE       12x11 CM,36.90,95.94,2026-10-07 06:54:42
IC106/1R,146,IC106/1R OBRAZEK ANIOŁEK NA DREWNIE       12x11 CM,36.90,95.94,2026-10-07 06:54:42
IC106/2C,219,IC106/2C OBRAZEK ANIOŁEK NA DREWNIE       16x14 CM,49.20,127.92,2026-10-07 06:54:42
IC106/2R,231,IC106/2R OBRAZEK ANIOŁEK NA DREWNIE       16x14 CM,49.20,127.92,2026-10-07 06:54:42
IC106/3C,191,IC106/3C OBRAZEK ANIOŁEK NA DREWNIE       20x17 CM,73.80,177.12,2026-10-07 06:54:42
IC106/3R,192,IC106/3R OBRAZEK ANIOŁEK NA DREWNIE       20x17 CM,73.80,177.12,2026-10-07 06:54:42
IC106K/0C,28,IC106K/0C PANEL ANIOŁEK NA DREWNIE 15x20  CM,55.35,132.84,2026-10-07 06:54:42
IC106K/0R,46,IC106K/0R PANEL ANIOŁEK NA DREWNIE 15x20  CM,55.35,132.84,2026-10-07 06:54:42
IC106S/1C,98,IC106S/1C OBRAZEK ANIOŁEK NA DREWNIE      12x11 CM,36.90,95.94,2026-10-07 06:54:42
IC106S/1R,82,IC106S/1R OBRAZEK ANIOŁEK NA DREWNIE      12x11 CM,36.90,95.94,2026-10-07 06:54:42
IC106S/2C,131,IC106S/2C OBRAZEK ANIOŁEK NA DREWNIE      16x14 CM,49.20,127.92,2026-10-07 06:54:42
IC106S/2R,134,IC106S/2R OBRAZEK ANIOŁEK NA DREWNIE      16x14 CM,49.20,127.92,2026-10-07 06:54:42
IC106S/3C,81,IC106S/3C OBRAZEK ANIOŁEK NA DREWNIE      20x17 CM,73.80,177.12,2026-10-07 06:54:42
IC106S/3R,86,IC106S/3R OBRAZEK ANIOŁEK NA DREWNIE      20x17 CM,73.80,177.12,2026-10-07 06:54:42
IC107/1A,344,IC107/1A OBRAZEK PAMIĄTKA I KOMUNII ŚW.   NA DREWNIE 6x12 CM,36.90,95.94,2026-10-07 06:54:42
IC107/1O,341,IC107/1O OBRAZEK PAMIĄTKA I KOMUNII ŚW.   NA DREWNIE 6x12 CM,36.90,95.94,2026-10-07 06:54:42
IC107/2A,173,IC107/2A OBRAZEK PAMIĄTKA I KOMUNII ŚW.   NA DREWNIE 9x18 CM,51.66,123.98,2026-10-07 06:54:42
IC107/2O,178,IC107/2O OBRAZEK PAMIĄTKA I KOMUNII ŚW.   NA DREWNIE 9x18 CM,51.66,123.98,2026-10-07 06:54:42
IC107/3A,161,IC107/3A OBRAZEK PAMIĄTKA I KOMUNII ŚW.   NA DREWNIE 12x24 CM,66.42,159.41,2026-10-07 06:54:42
IC107/3O,160,IC107/3O OBRAZEK PAMIĄTKA I KOMUNII ŚW.   NA DREWNIE 12x24 CM,66.42,159.41,2026-10-07 06:54:42
IC107/4A,108,IC107/4A OBRAZEK PAMIĄTKA I KOMUNII ŚW.   NA DREWNIE 16x32 CM,97.17,233.21,2026-10-07 06:54:42
IC107/4O,124,IC107/4O OBRAZEK PAMIĄTKA I KOMUNII ŚW.   NA DREWNIE 16x32 CM,97.17,233.21,2026-10-07 06:54:42
IC107K/1A,56,IC107K/1A PANEL PAMIĄTKA I KOMUNII ŚW.    NA DREWNIE 20x15 CM,55.35,132.84,2026-10-07 06:54:42
IC107K/1O,88,IC107K/1O PANEL PAMIĄTKA I KOMUNII ŚW.    NA DREWNIE 20x15 CM,55.35,132.84,2026-10-07 06:54:42
IC108M/1A,174,IC108M/1A OBRAZEK PAMIĄTKA I KOMUNII ŚW.  NA DREWNIE 6x12 CM,31.98,83.15,2026-10-07 06:54:42
IC108M/1O,167,IC108M/1O OBRAZEK PAMIĄTKA I KOMUNII ŚW.  NA DREWNIE 6x12 CM,31.98,83.15,2026-10-07 06:54:42
IC108M/2A,125,IC108M/2A OBRAZEK PAMIĄTKA I KOMUNII ŚW.  NA DREWNIE 9x18 CM,44.28,115.13,2026-10-07 06:54:42
IC108M/2O,131,IC108M/2O OBRAZEK PAMIĄTKA I KOMUNII ŚW.  NA DREWNIE 9x18 CM,44.28,115.13,2026-10-07 06:54:42
IC108M/3A,210,IC108M/3A OBRAZEK PAMIĄTKA I KOMUNII ŚW.  NA DREWNIE 12x24 CM,56.58,135.79,2026-10-07 06:54:42
IC108M/3O,194,IC108M/3O OBRAZEK PAMIĄTKA I KOMUNII ŚW.  NA DREWNIE 12x24 CM,56.58,135.79,2026-10-07 06:54:42
IC109/1,233,IC109/1 OBRAZEK PAMIĄTKA I KOMUNII ŚW.    NA DREWNIE 6x12 CM,36.90,95.94,2026-10-07 06:54:42
IC109/2,178,IC109/2 OBRAZEK PAMIĄTKA I KOMUNII ŚW.    NA DREWNIE 9x18 CM,51.66,123.98,2026-10-07 06:54:42
IC109/3,103,IC109/3 OBRAZEK PAMIĄTKA I KOMUNII ŚW.    NA DREWNIE 12x24 CM,66.42,159.41,2026-10-07 06:54:42
IC110/1,122,IC110/1 OBRAZEK ANIOŁEK NA DREWNIE 7x11   CM,36.90,95.94,2026-10-07 06:54:42
IC110/2,237,IC110/2 OBRAZEK ANIOŁEK NA DREWNIE 12x17  CM,56.58,135.79,2026-10-07 06:54:42
IC110/3,99,IC110/3 OBRAZEK ANIOŁEK NA DREWNIE 17x23  CM,81.18,194.83,2026-10-07 06:54:42
IC111/1,31,IC111/1 OBRAZEK ŚW. RODZINA NA DREWNIE    6x12 CM,36.90,95.94,2026-10-07 06:54:42
IC111/1S,56,IC111/1S OBRAZEK ŚW. RODZINA NA DREWNIE   6x12 CM,36.90,95.94,2026-10-07 06:54:42
IC111/2,42,IC111/2 OBRAZEK ŚW. RODZINA NA DREWNIE    9x18 CM,51.66,123.98,2026-10-07 06:54:42
IC111/2S,154,IC111/2S OBRAZEK ŚW. RODZINA NA DREWNIE   9x18 CM,51.66,123.98,2026-10-07 06:54:42
IC111/3,13,IC111/3 OBRAZEK ŚW. RODZINA NA DREWNIE    12x24 CM,82.41,197.78,2026-10-07 06:54:42
IC111/3S,63,IC111/3S OBRAZEK ŚW. RODZINA NA DREWNIE   12x24 CM,82.41,197.78,2026-10-07 06:54:42
IC111/4,0,IC111/4 OBRAZEK ŚW. RODZINA NA DREWNIE    16x32 CM,97.17,233.21,2026-10-07 06:54:42
IC111/4S,0,IC111/4S OBRAZEK ŚW. RODZINA NA DREWNIE   16x32 CM,97.17,233.21,2026-10-07 06:54:42
IC111/5,0,IC111/5 OBRAZEK ŚW. RODZINA NA DREWNIE    22x44 CM,134.07,294.95,2026-10-07 06:54:42
IC111/5S,0,IC111/5S OBRAZEK ŚW. RODZINA NA DREWNIE   22x44 CM,134.07,294.95,2026-10-07 06:54:42
IC111/6S,18,IC111/6S OBRAZEK ŚW. RODZINA NA DREWNIE   30x60 CM,244.77,489.54,2026-10-07 06:54:42
IC111/7S,19,IC111/7S OBRAZEK ŚW. RODZINA NA DREWNIE   40x80 CM,367.77,661.99,2026-10-07 06:54:42
IC112/1,70,IC112/1 OBRAZEK ŚW. RODZINA NA DREWNIE    11x7 CM,36.90,95.94,2026-10-07 06:54:42
IC112/1S,66,IC112/1S OBRAZEK ŚW. RODZINA NA DREWNIE   11x7 CM,36.90,95.94,2026-10-07 06:54:42
IC112/2,53,IC112/2 OBRAZEK ŚW. RODZINA NA DREWNIE    17x12 CM,56.58,135.79,2026-10-07 06:54:42
IC112/2S,63,IC112/2S OBRAZEK ŚW. RODZINA NA DREWNIE   17x12 CM,56.58,135.79,2026-10-07 06:54:42
IC112/3,84,IC112/3 OBRAZEK ŚW. RODZINA NA DREWNIE    23x17 CM,81.18,194.83,2026-10-07 06:54:42
IC112/3S,61,IC112/3S OBRAZEK ŚW. RODZINA NA DREWNIE   23x17 CM,81.18,194.83,2026-10-07 06:54:42
IC112/4,81,IC112/4 OBRAZEK ŚW. RODZINA NA DREWNIE    32x23 CM,110.70,243.54,2026-10-07 06:54:42
IC112/4S,70,IC112/4S OBRAZEK ŚW. RODZINA NA DREWNIE   32x23 CM,110.70,243.54,2026-10-07 06:54:42
IC112/5,21,IC112/5 OBRAZEK ŚW. RODZINA NA DREWNIE    41x30 CM,172.20,344.40,2026-10-07 06:54:42
IC112/5S,3,IC112/5S OBRAZEK ŚW. RODZINA NA DREWNIE   41x30 CM,172.20,344.40,2026-10-07 06:54:42
IC112/6,0,IC112/6 OBRAZEK ŚW. RODZINA NA DREWNIE    56x40 CM,281.67,507.01,2026-10-07 06:54:42
IC112/6S,0,IC112/6S OBRAZEK ŚW. RODZINA NA DREWNIE   56x40 CM,281.67,507.01,2026-10-07 06:54:42
IC113/3,29,IC113/3 OBRAZEK ŚW. RODZINA NA DREWNIE    20x20 CM,72.57,174.17,2026-10-07 06:54:42
IC113/3B,78,IC113/3B OBRAZEK ŚW. RODZINA NA DREWNIE   20x20 CM,72.57,174.17,2026-10-07 06:54:42
IC113/4,52,IC113/4 OBRAZEK ŚW. RODZINA NA DREWNIE    28x28 CM,97.17,233.21,2026-10-07 06:54:42
IC113/4B,5,IC113/4B OBRAZEK ŚW. RODZINA NA DREWNIE   28x28 CM,97.17,233.21,2026-10-07 06:54:42
IC113/5,4,IC113/5 OBRAZEK ŚW. RODZINA NA DREWNIE    40x40 CM,220.17,440.34,2026-10-07 06:54:42
IC113/5B,29,IC113/5B OBRAZEK ŚW. RODZINA NA DREWNIE   40x40 CM,220.17,440.34,2026-10-07 06:54:42
IC113/6,0,IC113/6 OBRAZEK ŚW. RODZINA NA DREWNIE    52x52 CM,330.87,595.57,2026-10-07 06:54:42
IC113/6B,26,IC113/6B OBRAZEK ŚW. RODZINA NA DREWNIE   52x52 CM,330.87,595.57,2026-10-07 06:54:42
IC113/7,22,IC113/7 OBRAZEK ŚW. RODZINA NA DREWNIE    64x64 CM,441.57,794.83,2026-10-07 06:54:42
IC113/7B,15,IC113/7B OBRAZEK ŚW. RODZINA NA DREWNIE   64x64 CM,441.57,794.83,2026-10-07 06:54:42
IC114/2,22,IC114/2 OBRAZEK ŚW. RODZINA NA DREWNIE    16x14 CM,49.20,127.92,2026-10-07 06:54:42
IC114/2S,36,IC114/2S OBRAZEK ŚW. RODZINA NA DREWNIE   16x14 CM,49.20,127.92,2026-10-07 06:54:42
IC114/3,8,IC114/3 OBRAZEK ŚW. RODZINA NA DREWNIE    20x17 CM,73.80,177.12,2026-10-07 06:54:42
IC114/3S,28,IC114/3S OBRAZEK ŚW. RODZINA NA DREWNIE   20x17 CM,73.80,177.12,2026-10-07 06:54:42
IC114/4,100,IC114/4 OBRAZEK ŚW. RODZINA NA DREWNIE    28x24 CM,100.86,221.89,2026-10-07 06:54:42
IC114/4S,98,IC114/4S OBRAZEK ŚW. RODZINA NA DREWNIE   28x24 CM,100.86,221.89,2026-10-07 06:54:42
IC114/5,47,IC114/5 OBRAZEK ŚW. RODZINA NA DREWNIE    36x32 CM,159.90,319.80,2026-10-07 06:54:42
IC114/5S,72,IC114/5S OBRAZEK ŚW. RODZINA NA DREWNIE   36x32 CM,159.90,319.80,2026-10-07 06:54:42
IC114K/1,41,IC114K/1 PANEL ŚW. RODZINA NA DREWNIE     20x25 CM,67.65,162.36,2026-10-07 06:54:42
IC115/1,159,IC115/1 OBRAZEK PAMIĄTKA BIERZMOWANIA NA  DREWNIE 6x12 CM,36.90,95.94,2026-10-07 06:54:42
IC115/2,108,IC115/2 OBRAZEK PAMIĄTKA BIERZMOWANIA NA  DREWNIE 9x18 CM,51.66,123.98,2026-10-07 06:54:42
IC115/3,44,IC115/3 OBRAZEK PAMIĄTKA BIERZMOWANIA NA  DREWNIE 12x24 CM,66.42,159.41,2026-10-07 06:54:42
IC117/1,99,IC117/1 OBRAZEK PAMIĄTKA BIERZMOWANIA NA  DREWNIE 12x11 CM,36.90,95.94,2026-10-07 06:54:42
IC117/2,92,IC117/2 OBRAZEK PAMIĄTKA BIERZMOWANIA NA  DREWNIE 16x14 CM,49.20,127.92,2026-10-07 06:54:42
IC117/3,76,IC117/3 OBRAZEK PAMIĄTKA BIERZMOWANIA NA  DREWNIE 20x17 CM,73.80,177.12,2026-10-07 06:54:42
IC119/2C,171,IC119/2C OBRAZEK ANIOŁEK NA DREWNIE       12x12 CM,47.97,124.72,2026-10-07 06:54:42
IC119/2R,162,IC119/2R OBRAZEK ANIOŁEK NA DREWNIE       12x12 CM,47.97,124.72,2026-10-07 06:54:42
IC119/3C,49,IC119/3C OBRAZEK ANIOŁEK NA DREWNIE       20x20 CM,72.57,174.17,2026-10-07 06:54:42
IC119/3R,57,IC119/3R OBRAZEK ANIOŁEK NA DREWNIE       20x20 CM,72.57,174.17,2026-10-07 06:54:42
IC119/4C,60,IC119/4C OBRAZEK ANIOŁEK NA DREWNIE       28x28 CM,97.17,233.21,2026-10-07 06:54:42
IC119/4R,69,IC119/4R OBRAZEK ANIOŁEK NA DREWNIE       28x28 CM,97.17,233.21,2026-10-07 06:54:42
IC120/1,63,IC120/1 OBRAZEK MATKA BOŻA CZĘSTOCHOWSKA  NA DREWNIE 7x11 CM,36.90,95.94,2026-10-07 06:54:42
IC120/2,151,IC120/2 OBRAZEK MATKA BOŻA CZĘSTOCHOWSKA  NA DREWNIE 12x17 CM,56.58,135.79,2026-10-07 06:54:42
IC120/3,119,IC120/3 OBRAZEK MATKA BOŻA CZĘSTOCHOWSKA  NA DREWNIE 17x23 CM,81.18,194.83,2026-10-07 06:54:42
IC120/4,76,IC120/4 OBRAZEK MATKA BOŻA CZĘSTOCHOWSKA  NA DREWNIE 23x32 CM,110.70,243.54,2026-10-07 06:54:42
IC123/1,46,IC123/1 OBRAZEK MATKA BOŻA FATIMSKA NA    DREWNIE 6x12 CM,36.90,95.94,2026-10-07 06:54:42
IC123/2,36,IC123/2 OBRAZEK MATKA BOŻA FATIMSKA NA    DREWNIE 9x18 CM,51.66,123.98,2026-10-07 06:54:42
IC123/3,27,IC123/3 OBRAZEK MATKA BOŻA FATIMSKA NA    DREWNIE 12x24 CM,66.42,159.41,2026-10-07 06:54:42
IC123/4,56,IC123/4 OBRAZEK MATKA BOŻA FATIMSKA NA    DREWNIE 16x32 CM,97.17,233.21,2026-10-07 06:54:42
IC124/1,125,IC124/1 OBRAZEK MATKA BOŻA NIEPOKALANA    NA DREWNIE 6x12 CM,36.90,95.94,2026-10-07 06:54:42
IC124/2,140,IC124/2 OBRAZEK MATKA BOŻA NIEPOKALANA    NA DREWNIE 9x18 CM,51.66,123.98,2026-10-07 06:54:42
IC124/3,50,IC124/3 OBRAZEK MATKA BOŻA NIEPOKALANA    NA DREWNIE 12x24 CM,66.42,159.41,2026-10-07 06:54:42
IC124/4,36,IC124/4 OBRAZEK MATKA BOŻA NIEPOKALANA    NA DREWNIE 16x32 CM,97.17,233.21,2026-10-07 06:54:42
IC125/3,118,IC125/3 OBRAZEK OSTATNIA WIECZERZA NA     DREWNIE 24x12 CM,66.42,159.41,2026-10-07 06:54:42
IC125/4,75,IC125/4 OBRAZEK OSTATNIA WIECZERZA NA     DREWNIE 32x16 CM,97.17,233.21,2026-10-07 06:54:42
IC125/5,98,IC125/5 OBRAZEK OSTATNIA WIECZERZA NA     DREWNIE 44x22 CM,134.07,294.95,2026-10-07 06:54:42
IC125/6,68,IC125/6 OBRAZEK OSTATNIA WIECZERZA NA     DREWNIE 60x30 CM,244.77,489.54,2026-10-07 06:54:42
IC125/7,25,IC125/7 OBRAZEK OSTATNIA WIECZERZA NA     DREWNIE 80x40 CM,367.77,661.99,2026-10-07 06:54:42
IC126/2,49,IC126/2 OBRAZEK JAN PAWEŁ II NA DREWNIE   12x17 CM,56.58,135.79,2026-10-07 06:54:42
IC126/3,20,IC126/3 OBRAZEK JAN PAWEŁ II NA DREWNIE   17x23 CM,81.18,194.83,2026-10-07 06:54:42
IC126/4,33,IC126/4 OBRAZEK JAN PAWEŁ II NA DREWNIE   23x32 CM,110.70,243.54,2026-10-07 06:54:42
IC126/5,12,IC126/5 OBRAZEK JAN PAWEŁ II NA DREWNIE   30x41 CM,172.20,344.40,2026-10-07 06:54:42
IC127/2,47,IC127/2 OBRAZEKJEZUS FRASOBLIWY NA        DREWNIE 12x17 CM,56.58,135.79,2026-10-07 06:54:42
IC127/3,70,IC127/3 OBRAZEKJEZUS FRASOBLIWY NA        DREWNIE 17x23 CM,81.18,194.83,2026-10-07 06:54:42
IC127/4,39,IC127/4 OBRAZEKJEZUS FRASOBLIWY NA        DREWNIE 23x32 CM,110.70,243.54,2026-10-07 06:54:42
IC127/5,6,IC127/5 OBRAZEKJEZUS FRASOBLIWY NA        DREWNIE 30x41 CM,172.20,344.40,2026-10-07 06:54:42
IC128/1A,240,IC128/1A OBRAZEK PAMIĄTKA I KOMUNII ŚW.   NA DREWNIE 12x11 CM,36.90,95.94,2026-10-07 06:54:42
IC128/1O,223,IC128/1O OBRAZEK PAMIĄTKA I KOMUNII ŚW.   NA DREWNIE 12x11 CM,36.90,95.94,2026-10-07 06:54:42
IC128/2A,264,IC128/2A OBRAZEK PAMIĄTKA I KOMUNII ŚW.   NA DREWNIE 16x14 CM,49.20,127.92,2026-10-07 06:54:42
IC128/2O,264,IC128/2O OBRAZEK PAMIĄTKA I KOMUNII ŚW.   NA DREWNIE 16x14 CM,49.20,127.92,2026-10-07 06:54:42
IC128/3A,102,IC128/3A OBRAZEK PAMIĄTKA I KOMUNII ŚW.   NA DREWNIE 20x17 CM,73.80,177.12,2026-10-07 06:54:42
IC128/3O,154,IC128/3O OBRAZEK PAMIĄTKA I KOMUNII ŚW.   NA DREWNIE 20x17 CM,73.80,177.12,2026-10-07 06:54:42
IC129/1A,282,IC129/1A OBRAZEK PAMIĄTKA I KOMUNII ŚW.   NA DREWNIE 6x12 CM,36.90,95.94,2026-10-07 06:54:42
IC129/1O,274,IC129/1O OBRAZEK PAMIĄTKA I KOMUNII ŚW.   NA DREWNIE 6x12 CM,36.90,95.94,2026-10-07 06:54:42
IC129/2A,250,IC129/2A OBRAZEK PAMIĄTKA I KOMUNII ŚW.   NA DREWNIE 9x18 CM,51.66,123.98,2026-10-07 06:54:42
IC129/2O,251,IC129/2O OBRAZEK PAMIĄTKA I KOMUNII ŚW.   NA DREWNIE 9x18 CM,51.66,123.98,2026-10-07 06:54:42
IC129/3A,166,IC129/3A OBRAZEK PAMIĄTKA I KOMUNII ŚW.   NA DREWNIE 12x24 CM,66.42,159.41,2026-10-07 06:54:42
IC129/3O,187,IC129/3O OBRAZEK PAMIĄTKA I KOMUNII ŚW.   NA DREWNIE 12x24 CM,66.42,159.41,2026-10-07 06:54:42
IC129/4A,125,IC129/4A OBRAZEK PAMIĄTKA I KOMUNII ŚW.   NA DREWNIE 16x32 CM,97.17,233.21,2026-10-07 06:54:42
IC129/4O,127,IC129/4O OBRAZEK PAMIĄTKA I KOMUNII ŚW.   NA DREWNIE 16x32 CM,97.17,233.21,2026-10-07 06:54:42
IC130/1,108,IC130/1 OBRAZEK PAMIĄTKA I KOMUNII ŚW.    NA DREWNIE 12x11 CM,36.90,95.94,2026-10-07 06:54:42
IC130/2,146,IC130/2 OBRAZEK PAMIĄTKA I KOMUNII ŚW.    NA DREWNIE 16x14 CM,49.20,127.92,2026-10-07 06:54:42
IC130/3,65,IC130/3 OBRAZEK PAMIĄTKA I KOMUNII ŚW.    NA DREWNIE 20x17 CM,73.80,177.12,2026-10-07 06:54:42
IC131/1,88,IC131/1 OBRAZEK ARCHANIOŁ MICHAŁ NA       DREWNIE 6x12 CM,36.90,95.94,2026-10-07 06:54:42
IC131/2,132,IC131/2 OBRAZEK ARCHANIOŁ MICHAŁ NA       DREWNIE 9x18 CM,51.66,123.98,2026-10-07 06:54:42
IC131/3,88,IC131/3 OBRAZEK ARCHANIOŁ MICHAŁ NA       DREWNIE 12x24 CM,66.42,159.41,2026-10-07 06:54:42
IC700/3,1,"IC700/3 IKONA ZE SZKŁEM ŚWIĘTA RODZINA    11,5x14,5 cm",72.57,174.17,2026-10-07 06:54:42
IC700/4,0,"IC700/4 IKONA ZE SZKŁEM ŚWIĘTA RODZINA    17x20,5 cm",121.77,267.89,2026-10-07 06:54:42
IC701/3,12,"IC701/3 IKONA ZE SZKŁEM MATKA BOŻA        KAZAŃSKA 11,5x14,5 cm",72.57,174.17,2026-10-07 06:54:42
IC701/4,11,"IC701/4 IKONA ZE SZKŁEM MATKA BOŻA        KAZAŃSKA 17x20,5 cm",121.77,267.89,2026-10-07 06:54:42
IC702/3,18,"IC702/3 IKONA ZE SZKŁEM MATKA BOŻA        NIEUSTAJĄCEJ POMOCY 11,5x14,5 cm",72.57,174.17,2026-10-07 06:54:42
IC702/4,0,"IC702/4 IKONA ZE SZKŁEM MATKA BOŻA        NIEUSTAJĄCEJ POMOCY 17x20,5 cm",121.77,267.89,2026-10-07 06:54:42
IC702/5,12,IC702/5 IKONA ZE SZKŁEM MATKA BOŻA        NIEUSTAJĄCEJ POMOCY 24x29 cm,183.27,366.54,2026-10-07 06:54:42
IC703/3,5,"IC703/3 IKONA ZE SZKŁEM MATKA BOŻA        SIEDMIOSTRZELNA 11,5x14,5 cm",72.57,174.17,2026-10-07 06:54:42
IC703/4,2,"IC703/4 IKONA ZE SZKŁEM MATKA BOŻA        SIEDMIOSTRZELNA 17x20,5 cm",121.77,267.89,2026-10-07 06:54:42
IC704/3,61,"IC704/3 IKONA ZE SZKŁEM MATKA BOŻA        NIEPOKALANA 11,5x14,5 cm",72.57,174.17,2026-10-07 06:54:42
IC704/4,0,"IC704/4 IKONA ZE SZKŁEM MATKA BOŻA        NIEPOKALANA 17x20,5 cm",121.77,267.89,2026-10-07 06:54:42
IC704/5,21,IC704/5 IKONA ZE SZKŁEM MATKA BOŻA        NIEPOKALANA 24x29 cm,183.27,366.54,2026-10-07 06:54:42
IC705/3,45,"IC705/3 IKONA ZE SZKŁEM MATKA BOŻA        CZĘSTOCHOWSKA 11,5x14,5 cm",72.57,174.17,2026-10-07 06:54:42
IC705/4,0,"IC705/4 IKONA ZE SZKŁEM MATKA BOŻA        CZĘSTOCHOWSKA 17x20,5 cm",121.77,267.89,2026-10-07 06:54:42
IC705/5,9,IC705/5 IKONA ZE SZKŁEM MATKA BOŻA        CZĘSTOCHOWSKA 24x29 cm,183.27,366.54,2026-10-07 06:54:42
IC706/3,51,"IC706/3 IKONA ZE SZKŁEM MATKA BOŻA        CZĘSTOCHOWSKA W KORONIE 11,5x14,5 cm",72.57,174.17,2026-10-07 06:54:42
IC706/4,0,"IC706/4 IKONA ZE SZKŁEM MATKA BOŻA        CZĘSTOCHOWSKA W KORONIE 17x20,5 cm",121.77,267.89,2026-10-07 06:54:42
IC706/5,4,IC706/5 IKONA ZE SZKŁEM MATKA BOŻA        CZĘSTOCHOWSKA W KORONIE 24x29 cm,183.27,366.54,2026-10-07 06:54:42
IC707/3,49,"IC707/3 IKONA ZE SZKŁEM MATKA BOŻA        LICHEŃSKA 11,5x14,5 cm",72.57,174.17,2026-10-07 06:54:42
IC707/4,31,"IC707/4 IKONA ZE SZKŁEM MATKA BOŻA        LICHEŃSKA 17x20,5 cm",121.77,267.89,2026-10-07 06:54:42
IC708/3,25,"IC708/3 IKONA ZE SZKŁEM MATKA BOŻA        OSTROBRAMSKA 11,5x14,5 cm",72.57,174.17,2026-10-07 06:54:42
IC708/4,16,"IC708/4 IKONA ZE SZKŁEM MATKA BOŻA        OSTROBRAMSKA 17x20,5 cm",121.77,267.89,2026-10-07 06:54:42
IC709/3,30,"IC709/3 IKONA ZE SZKŁEM JEZUS             PANTOKRATOR 11,5x14,5 cm",72.57,174.17,2026-10-07 06:54:42
IC709/4,29,"IC709/4 IKONA ZE SZKŁEM JEZUS             PANTOKRATOR 17x20,5 cm",121.77,267.89,2026-10-07 06:54:42
IC710/3,70,"IC710/3 IKONA ZE SZKŁEM SERCE JEZUSA      11,5x14,5 cm",72.57,174.17,2026-10-07 06:54:42
IC710/4,0,"IC710/4 IKONA ZE SZKŁEM SERCE JEZUSA      17x20,5 cm",121.77,267.89,2026-10-07 06:54:42
IC710/5,24,IC710/5 IKONA ZE SZKŁEM SERCE JEZUSA      24x29 cm,183.27,366.54,2026-10-07 06:54:42
IC711/3,30,"IC711/3 IKONA ZE SZKŁEM OSTATNIA          WIECZERZA 14,5x11,5 cm",72.57,174.17,2026-10-07 06:54:42
IC711/4,4,"IC711/4 IKONA ZE SZKŁEM OSTATNIA          WIECZERZA 20,5x17 cm",121.77,267.89,2026-10-07 06:54:42
IC711/5,30,IC711/5 IKONA ZE SZKŁEM OSTATNIA          WIECZERZA 29x24 cm,183.27,366.54,2026-10-07 06:54:42
IC712/3,24,"IC712/3 IKONA ZE SZKŁEM ARCHANIOŁ MICHAŁ  11,5x14,5 cm",72.57,174.17,2026-10-07 06:54:42
IC712/4,17,"IC712/4 IKONA ZE SZKŁEM ARCHANIOŁ MICHAŁ  17x20,5 cm",121.77,267.89,2026-10-07 06:54:42
IC712/5,29,IC712/5 IKONA ZE SZKŁEM ARCHANIOŁ MICHAŁ  24x29 cm,183.27,366.54,2026-10-07 06:54:42
IC713/3,58,"IC713/3 IKONA ZE SZKŁEM SERCE MARYI       11,5x14,5 cm",72.57,174.17,2026-10-07 06:54:42
IC713/4,10,"IC713/4 IKONA ZE SZKŁEM SERCE MARYI       17x20,5 cm",121.77,267.89,2026-10-07 06:54:42
IC714/3,42,"IC714/3 IKONA ZE SZKŁEM JEZU UFAM TOBIE   11,5x14,5 cm",72.57,174.17,2026-10-07 06:54:42
IC714/4,0,"IC714/4 IKONA ZE SZKŁEM JEZU UFAM TOBIE   17x20,5 cm",121.77,267.89,2026-10-07 06:54:42
JAP753/3,794,"JAP753/3 OBRAZEK ANIOŁEK 16x19,5 CM",102.09,224.60,2026-10-07 06:54:42
JAP754/4L,661,JAP754/4L OBRAZEK ANIOŁEK 13x18 CM,115.62,254.36,2026-10-07 06:54:42
JAP755/2L,120,JAP755/2L OBRAZEK ANIOŁEK 6x9 CM,41.21,107.15,2026-10-07 06:54:42
JAP757/1,15,JAP757/1 OBRAZ W RAMIE ŚW. RODZINA 43x61  CM,645.14,1161.25,2026-10-07 06:54:42
JAP758/4XL,2,JAP758/4XL OBRAZEK PAMIĄTKA I KOMUNII  ŚW. 12x20 CM,106.40,234.08,2026-10-07 06:54:42
JAP760/3L,18,"JAP760/3L OBRAZEK PAMIĄTKA I KOMUNII ŚW. 6,5x11 CM",45.51,118.33,2026-10-07 06:54:42
JAP760/4XL,2,JAP760/4XL OBRAZEK PAMIĄTKA I KOMUNII  ŚW. 12x20 CM,106.40,234.08,2026-10-07 06:54:42
JAP761/3L,46,"JAP761/3L OBRAZEK PAMIĄTKA I KOMUNII ŚW. 6,5x11 CM",45.51,118.33,2026-10-07 06:54:42
JAP762/3L,1,"JAP762/3L PANEL PAMIĄTKA I KOMUNII ŚW.  9x13,5 CM",48.59,126.33,2026-10-07 06:54:42
JAP762/4L,9,"JAP762/4L PANEL PAMIĄTKA I KOMUNII ŚW.  11,5x17,5 CM",71.96,172.70,2026-10-07 06:54:42
JAP763/3L,7,"JAP763/3L PANEL PAMIĄTKA I KOMUNII ŚW.  9x13,5 CM",48.59,126.33,2026-10-07 06:54:42
JAP763/4L,6,"JAP763/4L PANEL PAMIĄTKA I KOMUNII ŚW.  11,5x17,5 CM",71.96,172.70,2026-10-07 06:54:42
JAP764/4L,0,"JAP764/4L PANEL ANIOŁEK 11,5x17,5 CM",105.29,231.64,2026-10-07 06:54:42
JAP766/3L,271,"JAP766/3L PANEL ANIOŁEK 9x13,5 CM",45.51,118.33,2026-10-07 06:54:42
JAP766/4L,0,"JAP766/4L PANEL ANIOŁEK 11,5x17,5 CM",105.29,231.64,2026-10-07 06:54:42
JAP767/6L,152,JAP767/6L PANEL ŚW. RODZINA 25x20 CM,72.32,173.57,2026-10-07 06:54:42
JAP769/3L,321,"JAP769/3L OBRAZEK ANIOŁEK 6,5x11 CM",45.51,118.33,2026-10-07 06:54:42
JAP771/1,1,JAP771/1 ALBUM PAMIĄTKA I KOMUNII ŚW.  21x15 CM,127.37,280.21,2026-10-07 06:54:42
JAP773/6L,32,JAP773/6L PANEL PAMIĄTKA I KOMUNII ŚW.  25x20 CM,80.57,193.37,2026-10-07 06:54:42
JAP775/4L,2,JAP775/4L PANEL PAMIĄTKA I KOMUNII ŚW. 18x13 CM,119.19,262.22,2026-10-07 06:54:42
JAP81287/3LCOL,27,"JAP81287/3LCOL OBRAZEK PAMIĄTKA I         KOMUNII ŚW. 6,5x11 CM",48.59,126.33,2026-10-07 06:54:42
JAP81287/3XLCOL,7,JAP81287/3XLCOL OBRAZEK PAMIĄTKA I        KOMUNII ŚW. 9x15 CM,70.11,168.26,2026-10-07 06:54:42
Q428,1,Q428 OBRAZ W RAMIE OSTATNIA WIECZERZA  72x47 CM,798.89,1438.00,2026-10-07 06:54:42
Tabliczka nr 1,7,"Zestaw 5-ciu sztuk Tabliczki nr 1 5x1,5   cm Pamiątka Chrztu Świętego",24.60,63.96,2026-10-07 06:54:42
Tabliczka nr 10,32,Zestaw 5-ciu sztuk Tabliczki nr 10 5x4    cm Pamiątka Chrztu Świętego,43.05,111.93,2026-10-07 06:54:42
Tabliczka nr 11,15,Zestaw 5-ciu sztuk Tabliczki nr 11 5x4    cm Pamiątka Chrztu Świętego,43.05,111.93,2026-10-07 06:54:42
Tabliczka nr 12,10,Zestaw 5-ciu sztuk Tabliczki nr 12 5x4    cm Pamiątka Chrztu Świętego,43.05,111.93,2026-10-07 06:54:42
Tabliczka nr 13,16,Zestaw 5-ciu sztuk Tabliczki nr 13 5x4    cm Pamiątka I Komunii Św.,43.05,111.93,2026-10-07 06:54:42
Tabliczka nr 14,24,Zestaw 5-ciu sztuk Tabliczki nr 14 5x4    cm Pamiątka I Komunii Św.,43.05,111.93,2026-10-07 06:54:42
Tabliczka nr 15,52,Zestaw 5-ciu sztuk Tabliczki nr 15 5x4    cm Pamiątka I Komunii Św.,43.05,111.93,2026-10-07 06:54:42
Tabliczka nr 16,43,Zestaw 5-ciu sztuk Tabliczki nr 16 5x4    cm Pamiątka I Komunii Św.,43.05,111.93,2026-10-07 06:54:42
Tabliczka nr 17,32,Zestaw 5-ciu sztuk Tabliczki nr 17 5x4    cm Pamiątka I Komunii Św.,43.05,111.93,2026-10-07 06:54:42
Tabliczka nr 18,7,Zestaw 5-ciu sztuk Tabliczki nr 18 5x4    cm Pamiątka Ślubu,43.05,111.93,2026-10-07 06:54:42
Tabliczka nr 19,4,Zestaw 5-ciu sztuk Tabliczki nr 19 5x4    cm Pamiątka Ślubu,43.05,111.93,2026-10-07 06:54:42
Tabliczka nr 2,12,"Zestaw 5-ciu sztuk Tabliczki nr 2 5x1,5   cm Pamiątka I Komunii Św.",24.60,63.96,2026-10-07 06:54:42
Tabliczka nr 20,0,Zestaw 5-ciu sztuk Tabliczki nr 20 6x5    cm Pamiątka Ślubu,67.65,162.36,2026-10-07 06:54:42
Tabliczka nr 21,1,Zestaw 5-ciu sztuk Tabliczki nr 21 6x5    cm Pamiątka Ślubu,67.65,162.36,2026-10-07 06:54:42
Tabliczka nr 22,24,Zestaw 5-ciu sztuk Tabliczki nr 22 6x5    cm Podziękowania Rodzicom,67.65,162.36,2026-10-07 06:54:42
Tabliczka nr 23,0,Zestaw 5-ciu sztuk Tabliczki nr 23 5x4    cm Pamiątka Chrztu Świętego,43.05,111.93,2026-10-07 06:54:42
Tabliczka nr 24,1,Zestaw 5-ciu sztuk Tabliczki nr 24 5x4    cm Pamiątka Chrztu Świętego,43.05,111.93,2026-10-07 06:54:42
Tabliczka nr 25,5,Zestaw 5-ciu sztuk Tabliczki nr 25 5x4    cm Pamiątka Chrztu Świętego,43.05,111.93,2026-10-07 06:54:42
Tabliczka nr 26,11,Zestaw 5-ciu sztuk Tabliczki nr 26 5x4    cm Pamiątka Chrztu Świętego,43.05,111.93,2026-10-07 06:54:42
Tabliczka nr 27,9,Zestaw 5-ciu sztuk Tabliczki nr 27 5x4    cm Pamiątka Ślubu,43.05,111.93,2026-10-07 06:54:42
Tabliczka nr 28,7,Zestaw 5-ciu sztuk Tabliczki nr 28 5x4    cm Pamiątka Ślubu,43.05,111.93,2026-10-07 06:54:42
Tabliczka nr 29,2,Zestaw 5-ciu sztuk Tabliczki nr 29 6x5    cm Pamiątka Ślubu,67.65,162.36,2026-10-07 06:54:42
Tabliczka nr 3,0,Zestaw 5-ciu sztuk Tabliczki nr 3 4x3 cm  Pamiątka Chrztu Świętego,30.75,79.95,2026-10-07 06:54:42
Tabliczka nr 30,0,Zestaw 5-ciu sztuk Tabliczki nr 30 6x5    cm Pamiątka Ślubu,67.65,162.36,2026-10-07 06:54:42
Tabliczka nr 31,7,Zestaw 5-ciu sztuk Tabliczki nr 31 5x5  cm Pamiątka I Komunii Św.,55.35,132.84,2026-10-07 06:54:42
Tabliczka nr 32,4,Zestaw 5-ciu sztuk Tabliczki nr 32 5x5    cm Pamiątka I Komunii Św.,55.35,132.84,2026-10-07 06:54:42
Tabliczka nr 33,4,Zestaw 5-ciu sztuk Tabliczki nr 33 5x5    cm Pamiątka I Komunii Św.,55.35,132.84,2026-10-07 06:54:42
Tabliczka nr 34,5,Zestaw 5-ciu sztuk Tabliczki nr 34 6x5    cm Pamiątka Sakramentu Bierzmowania,67.65,162.36,2026-10-07 06:54:42
Tabliczka nr 35,4,Zestaw 5-ciu sztuk Tabliczki nr 35 6x5    cm Pamiątka Sakramentu Bierzmowania,67.65,162.36,2026-10-07 06:54:42
Tabliczka nr 36,6,Zestaw 5-ciu sztuk Tabliczki nr 36 6x5    cm Pamiątka Sakramentu Bierzmowania,67.65,162.36,2026-10-07 06:54:42
Tabliczka nr 37,29,Zestaw 5-ciu sztuk Tabliczki nr 37 5x4    cm Pamiątka Ślubu,43.05,111.93,2026-10-07 06:54:42
Tabliczka nr 38,8,Zestaw 5-ciu sztuk Tabliczki nr 38 6x5    cm Pamiątka Ślubu,67.65,162.36,2026-10-07 06:54:42
Tabliczka nr 39,10,Zestaw 5-ciu sztuk Tabliczki nr 39 6x5    cm Pamiątka Ślubu,67.65,162.36,2026-10-07 06:54:42
Tabliczka nr 4,0,Zestaw 5-ciu sztuk Tabliczki nr 4 4x3 cm  Pamiątka Chrztu Świętego,30.75,79.95,2026-10-07 06:54:42
Tabliczka nr 40,28,Zestaw 5-ciu sztuk Tabliczki nr 40 5x4    cm Pamiątka Chrztu Świętego,43.05,111.93,2026-10-07 06:54:42
Tabliczka nr 5,16,Zestaw 5-ciu sztuk Tabliczki nr 5 4x3 cm  Pamiątka Chrztu Świętego,30.75,79.95,2026-10-07 06:54:42
Tabliczka nr 6,10,Zestaw 5-ciu sztuk Tabliczki nr 6 4x3 cm  Pamiątka Chrztu Świętego,30.75,79.95,2026-10-07 06:54:42
Tabliczka nr 7,11,Zestaw 5-ciu sztuk Tabliczki nr 7 4x3 cm  Pamiątka Chrztu Świętego,30.75,79.95,2026-10-07 06:54:42
Tabliczka nr 8,6,Zestaw 5-ciu sztuk Tabliczki nr 8 5x4 cm  Pamiątka Chrztu Świętego,43.05,111.93,2026-10-07 06:54:42
Tabliczka nr 9,1,Zestaw 5-ciu sztuk Tabliczki nr 9 5x4 cm  Pamiątka Chrztu Świętego,43.05,111.93,2026-10-07 06:54:42
